2052,-1888,16460,-34,900,1350
-392,-4672,13516,-677,3111,508
1372,-4372,14904,7683,1654,-3157
452,-4356,16440,11465,2650,-3007
-2428,6292,10060,32767,-4858,-23787
-3728,-8440,15960,18686,-2671,6612
3968,7652,23576,1451,-1342,353
-288,-2248,14256,904,-1455,600
-500,-2536,15044,1663,-425,203
4052,-612,18756,1244,901,253
3484,-1356,17272,-6467,4092,-467
-2864,-5796,10964,4115,1363,-2899
1364,364,16896,2757,1643,-4273
-276,-2424,14424,5067,2745,-1372
692,-1352,14452,5322,1690,181
1808,3820,18548,-804,811,1259
-3880,-19600,-8712,32767,-7191,1539
2328,-1140,17708,2060,-1046,8340
1864,-536,16660,1658,883,5267
2836,-2532,17388,6777,5711,994
3120,5668,15108,8254,6070,-5899
5060,10012,11184,-2040,455,-10327
416,-5708,18116,5389,-216,-4843
1324,-3500,16996,5837,940,-8849
1412,-1112,17928,5204,5955,-13532
-536,1376,19092,4699,10890,-15654
-4532,3992,18000,1653,9463,-17928
-3796,2244,16652,2700,4101,-4613
-2472,1364,15724,2572,-1027,2523
364,2732,15248,82,-2240,3470
1708,4008,15812,-2750,-2224,3027
1444,4140,17160,-2471,-1513,2693
1724,2976,18720,1343,-1242,3174
2088,3008,18812,4364,809,1646
1500,4460,17476,4113,2475,-823
312,6120,15380,1642,1756,-731
-468,5568,14832,-89,302,2870
308,3256,16440,100,-1598,7587
2588,2892,17256,94,-2902,8143
3284,3572,16520,-722,-4118,5872
3376,4148,16008,7,-2908,4666
3120,3336,16296,1277,1046,6224
3064,1756,17264,1571,1735,7389
4032,232,18540,920,-407,5422
3356,932,19044,-28,-1741,1050
1168,540,19360,7,-1893,-1645
-604,-636,19464,497,-296,-1634
-2416,-1788,18252,930,1550,-2243
-3528,-1568,15800,2360,2726,-5566
-4716,-1348,13368,3213,4179,-9528
-6764,-568,11240,3377,5420,-12158
-8108,2116,10956,675,6201,-11664
-7936,5672,13816,-5307,5629,-7720
-5192,3992,17848,-6165,81,730
-480,652,18976,2651,-7666,5276
2720,3884,16724,11910,-6401,3241
1552,8736,16952,14311,3591,5121
2832,14456,15848,2773,10016,4261
6244,9008,19968,-5840,6630,12225
11408,3304,22700,-11430,393,13145
15452,5320,18436,-9944,-5660,7007
11636,5340,15400,-2369,-6215,5446
9340,10608,12652,383,547,-7472
5128,14528,12896,-3511,3254,-7437
2672,13716,12364,-5094,-3592,-4148
2744,9208,13576,-3190,-10914,444
2116,9180,14024,-160,-10189,-1268
-4732,7344,13324,4228,-7078,-5451
-3800,8060,13908,3788,-7398,-2461
-1860,4684,15528,5335,-9951,16034
5076,4128,16408,6541,-9442,17558
4628,2068,15260,8053,-4552,12941
-40,2468,11468,8198,-1697,13123
-2988,4272,10700,3270,-403,4113
-4736,3204,13536,195,3033,5971
-2444,2244,16284,-1034,8409,6440
-128,2188,13264,-2443,9719,4769
-3044,424,15108,-6855,5329,1869
-9328,2680,25288,-2186,328,-14028
-7076,4876,28720,6637,1491,-14439
-6584,4620,23888,18243,5134,7188
-2560,624,17440,21324,6000,16838
-2324,1492,14780,14382,2934,18004
-48,4580,15176,7314,-4665,5688
-792,3356,18124,4021,-8893,-7580
-700,-1724,19012,4698,-6200,-7937
2832,-464,15712,3171,-2691,1643
4396,4676,11284,-1388,851,2360
4688,4012,11428,-1670,-1720,6369
5160,5952,12228,-4035,-2697,-5712
4644,6584,15228,-9177,1630,-12644
2832,5080,16936,-12197,6130,-26036
4348,560,15352,-8425,8500,-11736
2920,312,11332,-4212,8925,-1062
1904,5084,12108,-4798,1492,-13490
2520,8880,17716,-8308,-7125,-29426
-1420,4576,20340,-2852,-9744,-9401
1520,3576,16892,79,4279,6682
-3316,-348,17408,4033,-2168,16451
-332,4432,16632,-6731,-5843,4275
-5572,1032,18532,-12046,-15285,903
-3688,864,21300,-14409,-19558,819
-2012,248,24048,-16471,-17070,-3947
-68,-1104,22856,-10197,-11045,-10515
-3284,260,21420,-735,-325,-10974
-5328,3548,16928,-1512,7728,-11716
-4900,3016,17704,-8236,7061,-19112
-1216,1140,19844,-7579,6034,-20209
1444,1776,17652,-2406,8094,-24493
1656,4104,12280,-2381,13818,-29258
-284,3444,10568,-9694,18286,-28814
-3080,-52,13704,-8796,12521,-30604
-4040,584,16848,489,2150,-32768
-7228,1508,15784,9646,-1798,-27145
-3968,7200,10248,5969,3117,280
-5980,2800,9664,-4152,8594,-2813
2096,-2008,18176,-11784,-2995,2916
11272,-1772,23932,-57,-18157,5829
12040,-1596,25928,9132,-17483,-4759
10672,-5856,24096,8925,-1830,-15720
14612,-5708,17068,2128,682,-5389
9868,-3520,13208,-6092,13333,-6070
8364,-5232,13816,-6583,4945,-8934
7428,-4936,14944,-1925,-2069,-12471
5116,-2436,16604,1334,-4099,-15738
3740,40,16276,-2233,2382,-15478
2576,0,15136,-4646,4947,-18396
5000,-4032,14404,-1801,8327,-12527
4656,-2396,12812,3882,4814,-9769
3116,-2284,12236,3327,954,-18045
5852,2256,11456,1912,-8349,-14583
12052,1120,10320,4469,-3123,-2442
16716,10644,12148,9328,25545,11257
7532,5200,15264,2277,-3950,14729
7316,10272,18940,-15844,-10253,-10615
9332,6872,27500,-20470,-18829,-32768
5412,2400,29844,-12965,-32286,-12598
4560,-4296,26208,-677,14012,5400
15324,5228,17708,5513,1695,28049
8756,2008,15864,10449,5224,8735
5116,3260,16708,9762,11661,-15303
-2760,5700,15832,5071,16225,-29031
-3056,4376,14800,-7497,13701,-15505
-3744,3692,13044,-15301,438,-8441
-2696,312,17572,-8154,-9451,-6920
1296,1380,19932,3763,-6843,-10607
812,2712,17132,10803,-2753,-3577
8,368,15680,8756,238,1253
4848,3644,14788,2067,-1294,6904
8840,5916,15264,-318,-6689,19886
10356,7604,18100,-4088,-10170,2399
6420,3236,19424,-1957,-10009,-2856
5000,1172,18520,2855,-4409,-8723
76,-2164,16360,7481,2319,1217
-16,-3708,11672,7444,5472,10104
396,-948,10964,9998,5908,11135
1156,3932,10140,10113,8398,3502
2292,6944,10020,6047,8817,-4916
340,6368,11924,-516,8474,-3377
-1652,3700,14500,-5309,5136,633
-3752,592,17220,-2869,1251,-3088
-2844,-140,18604,2407,-528,1701
508,3556,18460,5358,703,12110
2664,7496,16716,1820,1655,15104
2108,6620,18196,348,-355,13976
6172,8700,19596,-1529,-752,14195
7692,8716,20356,-2339,-3266,8275
7412,5816,18620,1859,-4536,15057
8176,5060,14852,6604,-718,21125
6464,5184,12556,8293,4838,22899
5916,6696,12372,3538,10700,9206
3744,4728,12544,142,9719,6767
4000,4332,12556,-1808,6942,2741
-452,1816,11376,-4446,4563,-2956
-2684,896,9828,-3600,988,-2998
-2120,1436,9656,737,-4412,175
-448,3852,11228,4179,-7201,1723
880,5180,14392,-105,-3949,-360
-800,7724,15860,-8162,235,1000
432,8808,18376,-13110,-928,4994
4924,9352,20676,-10737,-1956,10446
2528,5008,21836,-5815,-1573,10141
4644,6324,20096,-2981,4519,6622
2840,4600,18004,-3119,9777,4302
704,4044,17208,-343,12871,5329
-840,4276,14220,1828,12241,7924
-1336,3444,12284,3775,6921,10262
496,3456,11004,7818,2412,11175
-268,6440,8720,9092,999,10707
-1176,11672,7292,1323,100,8856
-10960,8644,9676,-5021,-4923,9172
-6496,4800,16272,-2495,-9833,14863
-1100,7416,18328,6648,-11447,26793
2452,14208,18356,11866,-8085,32767
4376,15352,21328,6350,-2603,28116
11860,16884,25496,6803,1403,32462
9388,10228,30372,3918,6040,28385
12560,13864,27332,408,4588,12084
1484,14040,24536,-4761,2327,-6829
-7364,9168,22228,-7694,604,-32768
-5608,684,15476,-3273,-16796,-21084
-2328,7520,12452,67,9992,5817
5508,1912,8144,1629,-3646,-1034
344,4768,10204,-5268,-905,-11419
-5024,1272,13860,-9833,1764,-20993
-5612,4688,15760,-13190,-5728,-26063
188,-308,18776,4050,-16280,-4742
932,-3380,16048,9035,2069,4874
-1144,2364,11640,16526,7358,18394
-1124,3560,9684,6946,-6656,8780
-768,4508,14384,-1301,-6983,2356
3740,5524,22680,-7299,1775,-2560
3200,5316,25376,-713,-2591,-1145
-320,3896,21892,5271,6831,713
-8332,4732,16484,5556,-329,6909
1328,10820,10308,5550,-450,17582
3708,3108,7232,4106,-3928,18428
3568,4280,9832,-2239,-3750,6417
2944,3600,13376,-3148,-6,2599
1516,2008,15036,273,4260,1906
584,3676,13040,4901,6718,408
-1572,2948,12052,5853,7004,-1338
-4056,2052,11356,6051,5092,1005
-4204,3592,12368,5215,3069,2874
-2464,2756,14596,6642,5599,12405
184,3800,15616,9607,9280,15264
2160,4600,15300,8910,11112,15146
3248,5004,14536,5219,9604,15200
1948,2628,14528,366,3653,13465
3000,-2032,16716,-6068,-1663,7864
4508,-284,19792,-10031,-719,-980
1468,-20,22060,-10299,5026,-7586
-656,-352,22972,-7649,12075,-7253
-1012,1800,20348,-6807,13204,-5004
-156,-1180,17576,-5175,7795,-5581
648,-3204,14748,-3205,4475,-7839
-2220,-3712,13676,-6720,2482,-10097
-3884,-4236,18896,-7906,924,-6381
-1548,-1424,22852,-812,3172,139
832,-204,17692,9363,2363,1499
1928,-1656,11820,7599,-2773,-916
2024,-4380,14408,984,-8359,-2715
4524,-2552,21912,-405,-5321,-5325
3480,-3360,25336,1663,3367,-8398
2428,-1500,22200,4253,5210,-8655
2736,1076,16188,2283,318,-9503
4200,2412,10548,-1065,-7265,-11291
4280,552,9520,-5459,-11456,-14295
5800,-704,14004,-7255,-3209,-17185
5212,-1136,18704,-6985,12088,-20699
928,-540,18504,-3173,18652,-25698
-2092,-204,14304,453,11451,-17378
-6572,-2808,11028,1155,-1169,-15056
-5648,-2024,15056,-1169,-3432,-21798
-412,1140,20760,-90,5343,-12820
-92,2564,22132,8836,10816,1980
7900,-3236,20784,13436,5577,-1902
4596,-8148,15452,8646,-7886,-11896
-5856,-11468,13748,-4967,-24832,-19302
-4176,-4052,24044,-16178,-22196,-20963
-2112,-7432,31828,-14604,5439,-19409
-1360,-3668,27916,2421,22120,-18333
-3340,-7780,18740,9247,23319,-14897
-4752,-3980,10848,800,8602,-18822
-4804,-7160,12156,-2456,-10661,-20427
892,-6568,17584,-2597,-10029,-20382
544,-3936,18268,2098,440,-22058
-1764,-2972,14912,9214,3529,-18765
-3016,-1520,11956,11125,-540,-13756
-2624,-688,10568,11086,-7354,-9617
1644,624,11760,11973,-8804,-5624
6884,772,14568,11142,-3920,-3964
7456,4000,16332,8529,1351,-9051
2316,6220,17348,4656,-1080,-11736
2416,3828,20692,5168,-2398,-6552
6048,2840,19140,9116,-1264,-4665
3504,4040,13664,5895,-3930,-9169
-2424,5640,10604,-3069,-7539,-9491
-2444,6316,15524,-10365,-6799,-7070
1600,5236,24636,-11212,-6208,-13066
668,4404,24704,-3507,11503,-22578
-4328,5912,18176,503,7301,-10855
-4584,5128,12804,-2245,-1736,-1747
-396,1972,14456,-196,-5980,1388
1296,2256,14388,1036,-101,-1555
-1096,4728,12980,20,-5383,-4215
-280,5096,15352,3475,-2636,798
860,5728,15288,4660,-5578,9267
2704,3892,13172,5902,-6995,15830
5016,4744,11996,3433,5015,21852
5024,3204,15120,-4001,-8018,14524
6632,3852,20984,-7200,-4261,5032
6828,5680,22004,-4794,-6036,3709
6312,4516,19836,91,-1980,7578
3652,3432,16212,-1749,-3878,6814
2260,1288,13472,-4844,-10572,3872
2476,1404,15072,-6450,-12055,-3336
3020,-40,18128,-4656,-14172,-9515
4416,-1340,17952,-117,5371,-15918
1756,-968,16388,2556,14728,-17577
-2336,552,14704,882,11365,-17392
-3496,212,15004,1530,3901,-11384
-984,2100,16476,4303,-977,-5985
588,4572,14992,5969,-847,-4668
-128,5652,12784,5136,1797,-2035
72,6116,13344,1273,438,900
2000,6292,17180,-844,3479,3919
3864,7844,18700,122,4475,5206
2628,5184,18508,1079,3995,4517
3036,6616,14820,116,3657,5820
2404,6092,13360,-3133,4247,6764
3188,4708,14684,-5993,5854,8101
5308,4124,17532,-4166,8672,6830
5100,6328,16680,-2157,8370,3961
3284,7040,14752,-1607,6587,2934
1332,7728,13060,-2213,4651,2633
576,5876,14084,-2421,2323,4199
-648,5420,14924,-2142,-1026,6622
-424,6604,14380,-1777,-5921,10139
-516,7292,14028,945,-10508,14556
520,6248,15460,4560,-12205,16031
4368,8676,15184,10413,-1124,13782
1272,10036,16076,9943,2313,6323
2132,12944,15808,5629,1717,-9109
-72,17016,16384,971,-3888,-7701
-4608,10372,17840,-1287,-9615,-2789
-1836,6504,18420,545,-5235,6292
184,3044,17368,1134,390,6906
-1044,2116,15916,-3047,3573,3212
-2040,1448,17044,-8175,6432,2434
-1652,4016,17344,-9422,6388,3742
-2280,3568,18552,-8435,1927,2541
-3576,2008,19324,-3006,-6824,2869
-5176,2628,17240,974,3015,4795
-5172,2412,14852,6658,-1209,10397
-5344,3760,14152,7921,-2277,12130
-4896,7740,16968,5129,-2278,12618
-5716,8832,23320,6517,-3797,11240
-3864,1336,25960,5775,5545,13383
-1212,9280,23504,10365,6223,18708
-2812,5540,17032,13669,5613,20787
-684,5912,10452,11809,3099,21960
-1840,6280,7588,4937,1488,21684
728,6672,9624,-3367,-298,17854
-216,5496,13188,-5894,1840,10965
-464,6988,14208,-3802,2778,11510
-1716,7940,12640,-481,1284,10942
-4140,6328,11204,1916,630,13396
-5792,5248,10684,2964,7190,19007
-3848,3776,12888,1742,8538,19922
-2556,1832,16612,4738,7169,18785
-2272,1092,17552,9121,8238,15286
-3564,1524,16128,12486,7323,21830
-2672,3216,14860,11664,7022,28765
440,3696,15812,9744,12307,32767
4576,3616,16764,8416,10766,32767
4200,4244,15640,2023,423,24615
2264,5904,14196,-5578,-3947,16087
664,1388,14176,-13272,-7738,12539
1900,-56,20604,-18644,-4623,5444
1480,-2992,25180,-18999,7645,-11996
-1064,-872,23548,-14632,11888,-4218
-4216,676,19960,-10568,4823,-5010
-2992,-1412,17004,-6406,-2544,-1620
24,-3716,17492,-2399,-4160,-1763
2592,-2444,18424,-226,7092,-4451
588,520,15720,6448,15461,-5233
-2752,60,13236,9493,9982,-1191
592,208,12880,8857,2348,3955
3352,1216,13700,8818,2392,12101
4420,3304,15952,3982,-4466,1409
424,4636,19932,1322,1603,-17145
-1248,3588,21912,1979,7020,-5363
-788,3300,18504,3071,9781,-2695
3668,6552,14512,545,6703,-1531
2268,3560,10768,-1503,-12039,5170
1924,3660,12648,-8244,-13105,-11320
1948,1664,20412,-13226,-1605,-25608
1564,-5124,25904,-6650,6185,-11015
-224,1796,21668,1301,16723,-9647
-3656,4184,15488,1835,6374,-7841
-5820,1744,16660,-1081,-5836,-5099
-664,540,27048,2614,-1039,-4656
-1932,2212,19660,11225,6366,3933
596,5108,13640,14358,9578,4526
-952,5600,12320,8239,10620,8726
1592,6364,14368,4475,-12387,2400
3120,3256,15840,4912,-14144,426
2880,-1104,14836,4643,-9579,-700
2488,1216,14644,-881,-4984,-5331
1372,2668,14888,-4775,-6,-5658
2012,4068,15408,-5757,3167,-7949
2956,1388,16288,-3340,4794,-8412
2068,-776,14756,-4987,3411,-12293
-2076,-2268,13724,-9731,-2181,-14464
-2036,-2380,18788,-11140,-2943,-18552
584,-2808,24448,-558,8600,-12067
-8,-3644,20088,12832,18700,-4318
-160,-4400,13128,12543,12480,-1407
776,-4952,10768,8372,-1812,713
4672,-4348,17228,2507,-7550,-3014
10068,-8188,23200,5036,5362,-9044
6980,-3344,22132,10842,16548,-15172
-1400,-6028,21148,1365,23088,-19889
432,-668,16444,-768,-1301,-14402
4324,2412,13712,-2009,-14421,-13830
4508,1924,11916,-3977,-16848,-17722
3516,-328,13464,-6785,-6828,-19333
184,872,16536,-9501,11915,-17989
-2196,1804,19428,-8180,16240,-18577
-3436,2244,20644,-1464,11640,-18773
-4972,3320,18248,3628,111,-15020
-6028,1364,15748,5107,-12027,-8432
-4056,-16,17564,4332,-13275,-2583
-2236,2324,19228,4918,-7941,381
500,4312,21716,5768,-4184,-421
3016,1852,23656,7593,-4155,-4218
1180,-4892,21288,12654,-3335,-8014
-3240,-2876,16032,5464,-5655,-10145
-1120,1936,12320,-2451,-14781,-7858
5884,1684,15108,1594,-6401,-7161
5536,252,14852,3945,4980,-14935
824,-740,12128,1568,-5337,-21012
-756,-4520,13260,411,4270,-15953
2772,-908,14380,2054,5849,-12333
2308,2540,14172,3802,12267,-10965
-1320,1256,14088,3356,1133,-9033
-80,2232,15912,5083,-7241,-6680
-448,3180,15316,5772,-8735,-6020
-1536,2100,15304,4955,-4911,-3752
-660,2644,16752,139,2826,-2944
-384,7040,17976,-4503,8713,-4423
-868,8360,20344,-7269,-753,-2754
1672,6152,19884,-3629,-5613,733
3576,1904,17032,104,-6376,2858
2548,-1036,15464,544,-619,-467
-776,148,14960,-4430,10682,-2100
-3684,2024,14880,-7131,13142,-6549
-2052,5124,16584,-7662,12452,-843
-2136,6568,17216,-6848,10603,-975
-2480,5012,16788,-6934,7144,-4723
-2644,3260,17500,-4332,2753,8307
-384,556,17672,-633,2585,9795
676,-336,17176,2354,3888,8662
-76,3216,13752,3427,487,8297
-1040,5752,10816,421,-3536,8968
-108,3128,13128,-3930,-10627,10811
4104,1012,20008,-7640,-3054,7621
7380,7888,22992,-10205,8307,3681
3464,7828,22192,-3279,374,2330
-708,6120,18436,-2842,-3787,1875
-3120,4556,16856,-5483,-5772,2639
-2848,5212,17112,-6791,-4559,2959
584,5348,18364,-6327,-4295,1425
1652,4376,19968,-4431,2018,-3440
848,4708,20840,-802,10679,-5250
-3944,5832,19436,-107,11974,-3654
-4596,3740,18144,-2643,4049,-73
-2668,2928,17804,-3447,-4726,-1563
-2180,3140,17448,-620,-5473,-4053
-3596,3440,15484,5305,-2425,-1301
-4304,2472,12160,9934,-2903,2889
264,-448,11836,10789,-5295,5013
2492,692,12268,8198,5486,-792
1168,1896,14652,3608,-5948,-4865
-2784,-392,18256,-2090,-17037,874
612,1796,21316,-3929,-11327,588
-408,624,21096,-1822,-5910,1205
560,1036,17540,509,-1829,686
-236,548,14364,1641,2698,281
-240,964,12460,-400,5161,1897
1176,260,13596,-2706,3415,3215
3252,2340,14836,-2699,2935,2080
4200,3220,14764,-480,5329,144
2552,4112,12920,1255,7268,887
1144,5652,10800,549,3681,4304
1072,6028,11160,-194,-2503,9082
1728,4600,12564,2392,-8796,12429
2348,2152,13164,8320,-10424,13426
2272,2180,13356,12687,-6272,13649
824,2900,15216,12955,473,13214
540,6544,18676,5214,2145,12233
840,11908,22120,-3651,-1787,9958
-1996,7524,22320,-6582,-7239,5206
-1412,6860,20680,-3714,-3459,4681
-2644,5264,18604,-402,7576,4203
-4100,6392,18508,-855,8577,4595
-2488,6200,19636,-2321,11056,4844
-1376,6660,18940,-2179,12320,3025
-2020,7264,15628,-2998,10495,129
-3548,7220,12768,-6140,2626,-293
-4860,6644,12740,-7500,-1639,1054
-5832,4236,13692,-4051,-8643,3843
-4776,2520,12580,2541,-7918,12716
-2800,2724,10132,2240,-1799,15950
-4616,5108,10592,-3190,-14194,12494
-8372,6400,16076,-8011,-19100,9572
-4428,6244,24212,-5032,-11588,8747
216,6572,25636,6158,-934,12098
-1168,6164,20752,13620,14896,12491
-2912,8328,15564,13455,11038,8724
-2268,9252,14996,4052,11980,5871
-2372,8784,19460,-2623,6532,3880
-3864,460,26936,2385,-8120,7157
-2416,3112,22104,23831,8914,11156
1376,1168,14000,4706,21837,9010
-7404,4488,9952,-32768,32767,-738
-7076,6972,9396,-4716,23424,30598
-6660,4172,11276,-5498,5661,20385
-5416,-828,12540,-4851,1144,24584
-4664,-3664,11716,-2605,-3054,27733
-4232,216,10152,701,-6591,29377
-3704,3384,12380,-77,-2518,30154
-1960,4728,18564,-510,3510,29449
1232,7824,22268,2299,3018,27731
232,6952,24228,5062,7455,22839
-4536,3580,21264,5434,8682,17751
-7268,7536,15748,2101,3764,19473
-4916,608,13492,-3220,-3081,11716
-5704,5080,16252,-6682,-6326,9751
-4296,-84,20776,-6934,-448,3932
-3504,-1112,21016,-4063,5295,-1694
-7232,624,15764,-5323,-753,-5070
-9600,-496,10860,-8912,-17489,-4244
-6804,-936,13072,-8411,-24609,-3529
-156,-740,16856,-4551,-10242,-4866
2044,-936,16984,6094,6042,-2566
-600,-916,14408,11586,7736,377
-688,344,12184,11208,-691,918
-864,3084,11000,6904,-8774,330
-200,4108,12916,1235,-10761,-85
2344,3728,17924,-1404,-3571,-1019
3808,4688,21256,2186,7338,-1795
4468,1744,20704,9124,15164,-2244
4008,3368,15024,11016,15790,-72
5004,5584,9728,4210,6042,925
1788,1652,7264,-1218,-7099,-42
1836,936,13260,-6865,-7464,-6308
1932,-756,18572,-12657,5743,-16136
928,16,22676,-6796,17383,-14366
-1852,2252,21152,1537,17582,-9486
-3020,2040,16644,6252,8224,-7957
-4156,-348,13276,6371,-2316,-6845
-4184,-1504,13056,4998,-9164,-3950
-3012,-500,15488,2199,-10867,-944
-676,-40,18980,3605,-3198,2679
2120,-1344,20868,5434,4406,3961
1664,-56,18232,5860,938,1099
-1160,-1476,14732,497,-5462,-1805
-2692,-1120,16508,-9176,-9287,-2730
-344,-868,21600,-10111,-8028,-5580
3028,-408,20512,-3322,2238,-3422
568,1780,19888,2783,9455,-687
2064,3196,12820,-1517,-215,-10348
-244,-1360,9268,-7317,-10992,-14870
-3320,-7468,14288,-11797,-16799,-22030
-752,-8200,21424,-16270,-7868,-25807
-1132,-2656,24024,-3345,5110,-22705
-6760,-2204,21116,9999,15543,-12523
-6448,-1068,15792,14222,11714,-16721
-7440,-4744,12352,13510,-25,-14288
-5500,-608,12884,9484,-9928,-13064
-1996,2968,16936,5825,-11417,-13252
-492,1804,22656,6569,-2201,-15525
-752,1416,22188,11628,7071,-15149
-2096,2464,17984,12139,4928,-15750
-2856,3284,13180,7653,-2896,-13979
-928,7148,11300,6631,-10186,-10476
3532,7700,11212,5496,-8353,-7724
5584,652,12696,45,517,-9749
2968,4584,17984,-7035,10444,-15952
-936,2468,19648,-7478,10769,-28059
-5808,1484,20292,-626,-7854,-13827
-1256,1944,14580,369,-3390,-3974
1120,-3332,17460,2661,5737,1534
4952,-1820,11172,2715,8433,2324
1624,2964,9920,3627,2012,-3552
-44,7368,9800,377,-8636,-4320
3032,4864,14372,-1671,-12075,844
5180,-1992,18760,-478,3611,3963
1452,-60,18164,738,2173,-5545
-1272,-1964,14812,-3561,2222,-21956
-5788,6184,13372,-5751,-7280,-24211
-3460,5192,13316,-6020,-12652,-14612
1284,2192,13936,-4102,-6470,-10657
2736,-588,13512,-2390,5833,-15000
-1536,-440,12424,-11008,7455,-32768
-5872,24440,17360,-20610,-17401,-18209
1740,9600,21084,-8429,-1697,-12301
1948,1228,20148,2269,-5632,-5647
2412,1984,16748,4890,-2644,-4127
-568,5680,12452,1947,-7670,-1353
832,4752,19216,-3367,-12514,2279
10356,-1100,29408,-7079,7783,3259
9044,1388,31052,-7538,8146,1978
5888,7628,23612,-8996,-1,-1316
-308,5724,19336,-11841,-15068,-2310
-2216,3684,19560,-7384,-5825,2768
2644,2324,16808,2328,-1375,2933
5688,1684,15872,9760,10052,261
4056,2536,14284,12933,22595,-4260
-228,5044,12508,8048,11327,-1773
-3428,2996,13040,-623,-869,1025
-1104,932,14260,-5839,-10723,4453
416,-816,14864,-5119,-19882,8738
3992,-332,15352,-1503,-9460,7567
2540,1420,15556,2323,1078,4402
-716,2952,15308,5989,-1100,4926
-1048,732,14684,6494,-7527,10254
1392,-1524,16148,1544,-3250,12258
4112,464,17912,-6836,-9656,10738
13956,4684,20700,-9803,-9460,3848
7296,1696,21596,-5300,-6745,1896
2868,792,19892,613,-1259,7995
1908,128,15948,1838,1423,10499
3916,-1012,14448,1789,2463,9786
4772,-1856,15140,2561,6351,4154
3948,-80,16996,4894,11618,-2895
560,-456,16504,5802,6916,-7957
-1500,1524,15340,6324,16288,-7672
-2072,1212,13916,4606,13894,-5394
976,1236,13704,2555,9484,-4736
1268,1332,14192,1480,3033,-7069
1304,3452,15744,2841,227,-8682
-220,4788,16032,4705,464,-5603
-40,3312,16608,3904,691,1865
2160,36,17560,1815,9191,6986
3068,1136,17076,-8030,3667,5815
-668,1532,19584,-21881,-10809,3552
1052,1528,22564,-25995,-13448,2013
4992,1352,23992,-18997,-9700,4772
3372,1076,21792,-9964,-1801,3947
2620,904,18064,-2548,5404,3337
4652,3372,16632,1399,6382,3213
5188,4000,17600,7058,4565,72
4812,4336,17668,12455,5307,-2485
1008,4372,16052,14003,7370,-1701
-1116,3368,14492,10730,6437,4098
-1992,2340,12996,4631,681,13037
-600,376,13044,-3822,-8667,18044
-424,1660,14816,-10779,-16316,22934
-280,760,17112,-10081,-17751,22279
1128,2640,20112,-5359,-9391,19776
1884,5016,20248,-1875,-805,16329
1192,4536,19940,2028,18,13791
1664,4604,17724,5707,-2064,12228
2076,6664,16232,6010,-4364,8395
2316,7468,16684,5425,-3196,2244
1376,7724,18084,6337,154,-3162
-548,7164,17940,10532,934,-7184
-2132,6760,17228,18060,-240,-4353
-3308,7752,13944,12126,9782,-9822
-5556,8044,14136,18212,6476,-8231
-9792,8444,12676,13441,898,-2566
-11752,6300,12516,8746,-8050,13170
-6604,5884,14152,8500,-9894,24113
-1748,7668,15692,10072,-2664,23595
-1992,10304,17496,5198,8802,19772
-3576,11376,19020,-3882,-340,17098
-5248,7956,18544,-4519,-5524,22001
-4792,7632,18324,3932,-6776,26087
-336,7296,15428,14331,3775,25819
1976,7036,11860,19958,16274,24105
164,8540,9064,15909,22086,21233
-3528,7716,8460,7688,16790,20192
-4164,5276,9080,4667,10024,22322
-1592,3496,9680,7331,9374,22694
396,4356,8676,11754,12277,17738
-2776,5376,7544,10464,15586,8916
-8264,3100,8204,3313,14861,5505
-10240,2232,11308,-6245,4551,4140
-6080,-232,12384,-757,1353,21156
648,-18732,32620,-1846,3709,28225
3848,3740,14892,-1594,8641,32767
18416,14956,18452,-6797,5513,18157
-1768,9760,19088,-14898,3999,16678
-332,1572,23468,-14918,7834,13010
5476,5116,23472,-7320,7376,11762
2708,5516,20756,-5273,9853,-1580
-2264,264,19460,-8572,12207,-12286
-6212,-844,19000,-12512,12155,-10055
-6752,132,20488,-14806,12431,-9295
-2864,-2336,23176,-7993,12070,-8572
-3520,-1712,20892,-493,-402,-12027
-5672,-748,16084,2369,-10296,-9613
-5472,544,13836,-303,-12817,-4275
-4804,1092,14152,-636,-5938,-2499
-2468,748,16004,988,-7132,423
2556,1252,17532,4800,-1547,1183
4880,3784,18008,7778,6089,-4925
3688,5256,17636,7472,5602,-7819
1048,5952,16688,6376,1058,-6242
304,2876,16860,5275,-697,-2762
6912,6236,16532,6941,-3907,-2360
2508,6200,12276,4607,-6274,-3942
1376,904,10044,-4994,-10456,-13741
1008,7644,13044,-14995,-5824,-12770
1432,3504,20404,-13465,4017,-11508
1980,1648,20556,-6056,9595,-15204
-1508,1732,16860,295,8059,-12697
-4304,3068,13056,-72,-1055,-9004
-4960,1416,12488,-3582,-12154,-7150
-2824,1220,15192,-3816,-16609,-2370
-896,2572,15840,1953,-5134,-516
-1184,3504,13832,10254,-3216,2797
-2592,4520,11636,11707,-3024,9925
-2720,840,9840,5187,4108,2793
-1212,100,13884,-4890,-3370,4808
3380,-5208,18820,-4959,400,3261
5048,-9564,19956,-571,9960,-481
2788,-8876,17632,-1703,7159,-5503
516,-6436,13896,-10715,-9955,-9202
2000,-10936,16808,-17475,-21641,-9176
6076,-10396,21672,-19863,-8809,-8964
6252,-9404,23092,-13128,12830,-13200
5064,-8296,20844,-5959,28288,-15270
-1468,-2740,17888,-6150,27243,-16746
-3232,3136,17320,-4285,17722,-10567
-1452,-1448,17864,-1775,5645,-10162
2744,-6016,17992,402,-3219,-4375
3056,-4108,23392,1027,-8640,1908
4268,-7688,14452,1482,-17229,-2839
6456,-7756,18884,-2175,-14494,-7337
7504,-11760,23152,-1450,-2783,-8910
7008,-9812,22824,1753,6367,-11540
2476,-6548,19604,3366,4173,-16023
-460,-3564,16252,978,-5078,-16921
-784,-2748,15716,-1140,-12061,-15613
828,-3568,16720,-2706,-950,-14849
1424,-2332,17272,-2454,53,-15164
200,-1008,16940,-628,9152,-18489
-1748,40,15396,184,1900,-19856
-4020,-832,15720,-371,-1008,-16334
-3640,-1240,16848,1469,-3531,-12320
-3048,-1264,18252,4672,-4502,-10530
-2424,-1648,18744,7800,-3267,-9101
-1640,-684,17768,11880,-5001,-8106
700,-3296,18780,12022,-9312,-6341
4760,-8012,21044,11837,-7961,-4215
5772,-10864,17196,11065,-4011,-5625
5360,-8712,12648,1661,-2591,-9621
6368,-3764,10304,-8410,3115,-11325
7404,-2756,12992,-10005,4777,-13465
8328,-4604,15492,-7362,12081,-16275
5712,-5700,11440,-6060,15877,-19287
1196,-4372,7888,-10984,11712,-23414
-2996,-4672,7584,-13860,2911,-32417
-6404,436,15044,-10950,3084,-12240
-852,1620,17560,-5547,-3502,7802
11484,-1756,11276,5149,27018,13941
12496,432,9140,10389,3481,13314
5808,3016,5512,3680,-2442,2720
3832,2512,8124,-1316,-10971,1825
5968,4008,13800,-5534,-8213,7305
13088,-4652,23908,-4674,1327,5034
10284,-3076,26344,-5028,9145,-5245
580,-860,21316,-7828,1124,-7003
-2396,1324,15908,-13157,-10715,2892
4400,-6368,19968,-11526,-13235,8023
9692,-8164,22072,-6663,4190,508
5384,-5140,21876,-5337,23245,-10144
-5088,-320,21164,-5890,27682,-10826
-7540,32,22048,-10802,16248,-2463
-476,-5064,24376,-4226,1330,5022
740,-6004,18128,3922,-4742,6267
-1116,-5280,11484,6808,-10672,4040
-3192,-1948,8388,5291,-8111,3602
-2348,728,9452,2346,-3766,5341
2916,-1900,14156,2912,-2040,8233
5636,-1060,14988,8130,2597,8331
5000,-992,14612,10865,-3740,6746
2464,-2804,15952,4785,-5159,2245
5480,-4332,17296,175,3111,2792
4676,-7088,18236,-825,1580,-3275
6108,-4212,16400,2884,-2385,4054
7200,124,14328,471,-167,-3768
4836,1240,14436,-2275,889,-4100
176,-1064,16732,-2155,5131,-625
1372,-2980,21676,-2731,12440,625
6980,-1080,20156,-2204,18414,2652
1624,3188,14784,-8334,14314,-3346
-4516,208,14548,-13357,-7501,-16757
-5856,788,17532,-15004,-12091,-15487
1276,-3988,22004,8308,-12871,-1722
6320,-5420,16552,-7873,-3508,2421
13236,-5488,23528,14196,10281,10271
2572,-356,12200,19889,1789,-611
-804,-588,13000,11334,2704,-1884
2720,-2464,16336,131,-960,1107
3380,1664,18520,-7986,-10105,4094
3680,-1072,20316,-10944,-9855,529
1436,-1136,20620,-7073,-4140,-294
7176,-3236,17600,41,1145,2136
3544,-4360,20904,7051,6123,3145
9080,-1600,20276,12647,4013,14141
9080,-1600,20276,12647,4013,14141
3828,2788,19684,0,0,0
2036,2384,18724,2434,-1992,717
1248,2092,17016,1907,-5952,3515
936,1328,18068,1159,-12771,4642
-56,-2812,18536,2255,-27535,8091
152,1472,19272,12034,-18946,-5025
2996,412,18680,-1323,-10625,7839
6308,7328,18936,8424,-6951,9708
5080,4684,18416,7180,-10238,8058
4580,4336,17436,11171,-8429,7751
5740,6316,15336,14943,-3521,3834
4992,7920,13540,13889,3043,-968
3876,8508,12032,8561,6029,-3930
2936,7392,11632,3556,5967,-4474
3508,7792,12200,1552,6550,-4428
3308,7856,13356,80,6324,-5841
1048,9804,14616,467,5352,-13203
-3640,8776,15936,21283,-10689,-15321
-4712,7340,15096,32767,-12008,-10397
-2600,7340,11052,32767,1290,-17953
-3796,9428,6272,5064,28214,-6870
-10696,12416,15688,-28432,11614,12622
-10408,20168,14900,20434,8251,17745
-7564,11108,14576,9972,4038,12895
-2952,8432,12608,13201,8402,25980
-5532,15824,7656,10872,10136,22814
-3148,13372,9280,-719,10117,16332
-3188,11776,11620,-6380,10247,10530
16180,11964,14392,-8602,9625,8627
-7532,3836,16120,-3166,-125,15631
-5080,3176,14976,2841,12003,14388
-3816,3952,11036,11423,16691,17746
-3284,5928,7044,11249,32767,14996
-8676,9032,5968,6645,19094,14256
-5448,17616,8180,832,7067,13586
-12120,1912,11008,2598,8037,25267
-7020,1136,11568,5700,6243,32767
-2708,4796,13356,5050,7552,32767
2308,14752,16612,166,8353,32767
-1304,15144,21828,-2732,5259,30491
-4036,7448,26000,-1396,11954,25917
-68,7724,23592,3821,14444,24353
-8856,9480,18840,5272,4929,20402
-284,9260,12172,1106,3777,14344
1508,9880,13140,-4733,376,6054
2528,6856,14224,-8482,-203,3186
1112,3572,16604,-7891,4273,-3368
-100,5836,14916,-5513,5586,-8489
-1924,5104,13248,-7849,5137,-12967
800,3376,12828,-10416,4645,-16218
396,4256,17648,-8860,9153,-22863
-2468,3140,20100,1733,13461,-26008
-4856,3692,17772,5014,15982,-20778
-6544,5180,13320,-1463,10561,-11991
-4880,5016,12080,-8806,-2617,-6793
-3044,3468,17932,-12625,-13319,-8093
116,116,24276,-7147,-11519,-11615
-2916,3376,22176,4781,-4294,-12316
-1904,3056,16236,9563,-3203,1740
2572,9756,9184,6148,-10997,10832
2572,9756,9184,6148,-10997,10832
1388,3932,18852,0,0,0
4152,-1336,19396,-8158,14765,-19330
1744,1760,17316,304,14823,-12071
-3304,620,16708,-195,6164,-12558
-1972,24,17168,3144,-3154,-10656
-1916,-752,16824,6637,-7356,-6630
-680,-2248,17340,6900,-9241,-4308
2308,-2996,18840,6050,-6291,-2014
3700,-3468,19964,8280,-821,197
3224,-3288,18480,9103,5074,1250
836,-2508,16628,6071,6418,-362
-2080,-588,15244,218,1792,-5005
-3160,2016,14600,-5238,-3230,-8357
-1100,4360,14664,-6951,-4312,-8400
236,4940,13904,-6949,-2199,-7850
512,516,14980,-8322,776,-8625
652,-1144,15552,-11617,3818,-10652
-2772,-400,16388,-15455,1040,-15575
-4872,-772,16460,-14415,-3710,-16231
-2940,-1992,15884,-7952,-5529,-13018
-2360,-1444,13336,-1162,-3639,-10532
-2136,-1748,10980,2788,-1570,-9885
-2320,-1420,9760,1677,1642,-9564
-2380,1092,8964,1886,970,-7055
-528,2444,10192,3948,-1230,-3745
1892,4072,12364,3707,124,-1967
2344,4196,17208,-753,2525,-3898
1772,796,23932,-4314,6133,-8611
3084,-1420,27564,-998,12619,-9652
2028,-1864,27236,3262,16968,-9301
3104,-924,22548,7124,13695,-7049
3660,3484,16012,4933,1718,-7458
3212,-320,17500,-164,-5170,-14180
2996,-2500,23008,-10590,5390,-19999
880,-3132,28944,-7222,17723,-21857
-3148,-988,26372,-1898,20215,-22945
-4580,536,23856,10462,13207,-8533
-3416,1836,16972,13091,792,-3444
-648,-504,13224,10798,-5885,-2550
224,-2020,12528,6427,-7225,-2185
1380,-1144,13880,4846,-9559,-4071
1196,-604,15172,5124,-10114,-6392
2464,644,15344,8279,-8668,-5225
4092,-1068,15652,10435,-4191,-4122
3980,-2216,15896,8743,-1626,-2907
2292,-276,17260,4628,-6287,-4811
928,792,19648,-303,-11723,-10112
656,1948,20264,-1001,-10617,-12664
68,1672,17820,1856,-4925,-10913
1628,3908,13268,2834,67,-8827
1172,5164,8796,-929,-147,-9292
-1136,2872,7932,-4044,-4647,-12341
-2956,3668,11480,-8870,-5231,-14956
-2908,4268,12804,-13078,-912,-12966
-4576,3720,12640,-13227,3666,-8700
-4896,3428,12212,-12467,3212,-2835
-3708,4188,13292,-11132,-1650,877
-3092,6496,15956,-5795,-775,988
-5268,6996,14732,-389,381,3384
-3892,4884,14536,1550,-2951,9333
3072,812,18280,4867,-4766,9328
3812,-452,20032,5901,-3068,2500
1056,3644,19640,-2926,-2823,-4224
776,5020,22848,-10268,-6586,-5113
760,4584,27756,-11205,-14269,-5070
940,-2592,27304,-3364,-8160,-13542
3992,-9712,28036,8311,-340,4082
7464,-4652,18572,12658,18188,6981
392,3436,15988,12332,15129,5827
392,3436,15988,12332,15129,5827
-176,-2132,15588,0,0,0
1200,-320,15324,3776,5623,12408
1384,1464,15216,1961,2793,13009
3532,1824,17688,1362,-4159,15215
3624,2796,20748,-2050,-5712,13466
4952,5932,20720,-1267,-9322,12634
4108,6580,18952,213,-4869,10456
2536,5624,17484,1899,-1690,8781
1592,6440,15516,2083,3362,6393
-204,5332,14532,808,5560,4490
-1244,6008,14856,-1711,6040,2482
-1308,5520,15444,-1836,9343,-1087
-2196,3804,15092,3492,11371,-1065
-2656,4192,13472,7051,13333,-428
-2624,4660,10680,6461,14044,-1294
-4420,4056,9792,4849,8310,-1558
-5772,3104,10176,1958,-839,392
-3740,1832,11928,1219,-7365,3158
-832,2260,13132,2317,-6839,5319
-4,3988,13656,1330,-3812,5723
-1412,6168,15836,-4561,-6820,5312
-988,7552,20944,-11155,-14079,3811
616,7432,24332,-11857,-18757,3242
3324,3336,25220,-2844,-15896,-125
-464,3172,20940,4979,-7868,6848
-2428,5856,17572,7748,-5632,11021
-336,10288,16652,3367,-4327,16408
-104,6592,17440,1791,-2163,13202
1160,6356,16632,3638,2119,8668
468,7880,13088,4958,5802,3415
-824,7324,10052,5896,8337,419
-2584,7084,9328,6993,9918,394
-5868,7704,9636,4725,8838,2027
-7984,5568,10476,284,975,7444
-6132,4756,10616,-907,-7595,13847
-7076,4960,10752,5283,-24451,31187
-1160,2584,10400,370,-7111,13437
-1948,3860,11760,-4180,-185,2787
284,1260,18500,-12306,18974,20136
1728,4380,23388,-12601,3913,19078
3740,4568,25948,-220,6278,19603
-940,5864,22708,7393,5674,16963
-3436,4848,14436,7366,760,15731
-4332,4100,9072,-2352,-4345,16477
-6928,-1968,15212,-20762,-4036,12532
-904,-9144,26856,-25248,8372,-15077
1012,-2844,26836,7752,14484,-3158
352,-1184,20920,-13738,14958,-325
-3212,-3044,17232,-32768,8990,10583
-8096,868,13684,2205,7768,4251
-7048,-2240,15600,-3294,7240,-1001
-1836,-3368,18848,-222,7244,5096
2700,-1368,18168,10558,6268,4654
-168,-1236,14000,16180,4095,2561
-3748,372,10244,12186,-4503,2737
-2580,728,11944,5315,-11834,6245
908,1788,17076,1749,-12004,10042
5196,848,21096,3090,-7251,6945
5944,-1076,20696,7409,425,808
1896,1208,15768,7123,1177,-4466
-772,3440,11556,989,-5286,-4814
220,5312,10824,-6017,-9843,-4068
940,6120,13948,-11423,-10096,-4683
1288,3228,19636,-14045,-4213,-9411
4352,3084,21860,-10238,6139,-12966
2492,2360,19928,838,11784,-14893
-2260,3080,15376,5540,9117,-13773
-6844,-1148,13128,2733,1186,-14389
-3908,-1812,16684,-1116,2142,-10542
-1008,2560,19824,2420,5237,-5730
268,1660,20348,10836,9075,-6905
-2204,312,17940,16766,8221,-7194
-3768,-212,15120,15895,2259,-2451
-2464,-572,14256,12599,-3993,2250
396,1628,15708,9554,-8120,4246
824,-520,15936,8916,-11000,11126
9964,2596,13924,4790,-16521,850
3568,2248,16188,5372,-24355,14771
3736,-732,14044,-5532,-26775,3106
2228,-2676,12612,-7287,-29717,-4396
4616,-3172,13328,-11533,-24630,-3600
9028,-4124,18872,-19333,-13174,568
10652,-4148,22288,-16704,-421,2069
5672,-3336,18780,-17900,9136,762
6096,-2344,16608,772,19796,52
2612,-1168,13360,1983,20343,-2297
9096,-1064,12796,2062,16532,-4197
10892,-3340,12208,7098,13298,5019
12440,-696,12108,7992,12632,2089
12400,-1712,15460,3029,15558,-3244
10788,-2876,19188,-649,16555,-13747
9652,-1004,21712,2870,25657,-9403
4412,-4400,19032,7273,20331,-21788
1364,-1608,16780,-3436,8312,-11520
2336,-13496,31004,9494,-1260,-6694
3200,2396,11264,4657,-9649,-3922
3136,1056,9836,-2175,-10717,-6191
3936,-268,13500,-13303,-11340,-12289
2844,-3416,19620,-20010,-5073,-19967
2700,-2464,23128,-15169,2974,-20577
-700,-1412,22572,-6510,9405,-15959
-3344,1068,19300,-1015,4704,-11639
-1996,788,17908,-692,1206,-8449
-472,488,17736,1546,2471,-6742
-1372,-28,17848,3949,8507,-7371
-4640,-784,17460,6430,11047,-6289
-5552,-1076,18040,9487,4557,-425
-3348,-2204,21596,10059,1099,4940
780,-3884,21184,10608,4805,7473
2048,-8484,18468,9328,5934,6530
1864,-6840,14464,3562,1599,3073
1444,-2852,12736,-4185,-6316,-2035
5232,112,13368,-6661,-9989,-7728
5492,240,13456,-7073,-4737,-12238
5128,60,11580,-5646,5578,-11911
4936,-3520,11448,-6384,14166,-10213
6656,-7252,14956,-3291,16772,-11286
3276,-4012,15432,-2874,22406,-13305
-1216,1008,15600,-3324,2482,-10628
4836,160,19224,-741,-2288,-6230
7996,880,20488,10741,-1838,-4715
608,2876,16764,18700,5373,4771
-1448,4452,15496,16519,615,-3974
-328,-312,19272,8624,-3787,-4815
1104,-1012,22648,3727,-1512,-9214
-4168,1944,22056,-759,5333,-28722
-10040,-1284,19700,-819,-15335,-13725
-5056,-4072,17452,-1573,-4745,-7238
-3988,-1480,16280,342,-265,-2707
-1548,724,14748,-1061,5925,-3447
-5072,2324,14860,-3267,1920,-6356
-3644,2980,13728,-6148,-3250,-4002
-4852,2188,15296,-8283,2698,-5987
-3832,2288,15932,-7062,-57,-5144
-4744,1240,15984,-8036,-398,-6015
-6364,388,16468,-8803,-23,-4836
-7932,3908,16120,-8686,-4540,-3069
-9900,8904,16188,-9386,-10746,8299
-4560,7148,17032,-3102,-12831,18888
1548,6052,15344,8029,-7769,15026
1652,4212,11456,11771,4025,9729
-1780,2828,10004,13288,-12496,6679
-816,-768,12000,5441,-11441,6362
2532,348,15944,-4086,-11353,5567
3920,1932,18356,-8342,-14264,2108
3708,-132,19416,-8334,-14098,-2011
2184,-1996,18176,-4562,-5961,-2669
276,-2876,17572,375,5076,-1792
264,-2568,19168,-624,12653,-1324
1032,-3040,21720,416,17300,-2163
-188,-1764,19860,-96,13519,-3687
-2544,-608,16252,-5618,6877,-3784
-4812,2656,14864,-4420,2035,-5062
-5264,2536,16868,-5345,3268,-3033
-3536,2096,20144,-3447,3191,3377
2320,4412,19532,1115,1688,8155
10984,7096,17788,8819,-7077,4402
6580,5520,15392,9946,-2540,-8374
-1196,1504,13436,6962,765,1316
-1904,3284,14892,3645,-885,1101
-9316,348,18972,-1874,-4265,3526
-700,-1612,21456,-3507,-10136,1983
4300,11836,22880,-643,-11430,1470
2544,-2252,17444,-2279,-3855,1722
1436,-1428,15512,1261,2073,875
1328,-16,14748,-166,5590,1155
2512,-440,15716,-2062,5627,3410
4656,460,16460,-2620,4356,3942
4376,1856,16368,-3331,5387,1391
3096,1812,15808,-2667,1882,-131
2284,1660,15564,-2484,957,2202
496,2888,15216,-1385,-3417,5568
252,2320,15060,1371,-8877,8657
1272,1768,15212,5421,-10479,9933
2312,2128,14684,7668,-8337,10614
960,1872,14788,7411,-6760,10444
392,1324,16584,5169,-6335,8857
3688,5804,19188,3021,-6580,7603
5000,10108,20836,2105,-6573,3457
2024,6516,20372,2489,-5086,-758
-1032,3312,18736,2064,-764,-2344
-2660,1452,18012,6441,5311,-2578
-2276,-212,17988,6436,10072,-2313
-1752,-860,16820,-5176,11311,1045
-2368,520,15268,-13135,8865,3100
-2060,556,14372,-11631,3844,2824
-1616,144,13860,-7088,585,3284
-1272,-1728,13500,-16407,-166,10027
912,2648,14228,880,6989,12133
-64,1520,13528,3665,8604,11427
-108,1840,11260,7204,-1653,9931
-2500,3032,11988,3930,-5470,7741
-5860,3044,16728,-629,-14859,5248
-3124,-4028,22328,-1617,-18401,7524
-704,2276,23180,2622,-7016,3602
-1536,72,24196,-5343,-1870,7750
-3444,1476,21392,6002,6387,4209
-6004,1868,17076,4492,7605,3075
-6112,2624,15120,552,3416,5863
-4420,3356,15000,-3623,-748,8882
-1492,1712,15004,-4613,-2417,10355
120,1632,14248,-3139,205,9756
376,1600,13032,-2331,8884,7788
-1964,1904,11648,-950,8930,5669
-5400,948,10640,-468,801,6119
-6060,-628,11780,-3359,3141,10574
-4696,-2256,13176,-3725,-1643,13599
-4040,-1408,13844,-4442,-5375,11257
-7588,440,13172,-5095,-5502,6495
-15232,-1300,14224,-5215,-11595,7064
-15424,-1916,20844,-4055,-19629,15353
-9332,-6944,23236,5194,-15546,26970
-5984,-4588,18972,13464,-7816,32767
-4988,-5508,12884,13948,-5534,32767
-1248,-5904,9556,5265,-219,32767
-5560,-4500,13708,7449,-12411,31012
12,-5760,14584,4088,192,32767
4852,-3704,15120,2914,4100,32767
5876,-2912,15060,657,4516,29124
2956,-7248,17628,-7631,2318,19859
3772,-10032,21088,-12214,2390,16041
3932,-8576,20664,-5319,1057,11401
12,-9000,18676,-2258,9578,5784
-384,-9044,18096,-1946,7052,5199
3572,-7452,19008,-14589,9742,12095
128,-4840,15332,-67,4521,7686
128,-4840,15332,-67,4521,7686
-1064,-4680,12832,-1052,-25216,-1587
88,-8624,10364,-6702,-32768,281
2476,-4916,5512,-9289,22554,-20147
2496,-22340,18752,32767,3588,11241
4944,1516,9332,10648,-8194,301
-1204,-10692,23184,5591,3319,4323
-3084,8308,5128,-32768,-32768,-11141
-6908,11724,-3164,-2836,-32768,19861
-18644,10288,32767,-15128,32767,31127
-14300,-888,3376,29370,-2877,-4726
-1268,-13400,11688,6002,14851,-3637
-2048,-9368,12348,16517,-375,-11846
-1116,-6796,14064,14278,832,-17751
1120,-8096,15008,10778,6173,-16444
1536,-8228,15900,14267,4024,-16289
1392,-6300,16164,14873,6791,-19017
2172,-5616,16504,11053,12209,-23659
2332,-6164,16552,9168,13992,-26568
3424,-4772,17508,8387,8909,-27667
4144,-3364,17744,6275,5900,-22351
3976,-2568,17648,4243,8034,-18384
2744,-3148,19072,4909,7931,-17434
5280,-1416,17700,3663,6328,-14223
4200,-1728,19632,821,2727,-11848
3464,-1220,19436,-232,3672,-8927
2956,-1040,18472,971,1897,-7131
2632,-884,18788,2848,747,-6541
3352,104,19120,1256,2091,-6306
3348,524,19764,-1097,2237,-5365
2744,1200,19136,-1889,1004,-4183
2512,1912,18564,-2068,1119,-2903
2572,1712,18504,-991,619,-1168
2424,1524,18800,217,-2242,851
2500,1532,18796,-1648,-2804,2644
2364,1424,17700,-7002,1963,4222
1212,288,16400,-10224,5519,3879
680,56,15244,-7470,2742,1843
528,236,14320,-4596,1817,-161
448,-152,13940,-1838,563,-2306
552,-288,14004,1401,-548,-4223
1268,268,14896,2609,-519,-5657
2076,332,15344,2687,1018,-5172
1920,340,15692,3832,2107,-3996
1976,480,16380,4737,3124,-2689
1724,340,17452,4313,3493,-1194
2068,-104,17844,3062,2459,1360
1512,-964,17744,2333,566,2999
732,-824,17520,-513,1132,2608
840,-1424,16428,-3685,3207,1187
1232,-1456,14608,-3638,2184,976