2024,1620,16652,52,523,305
2144,1596,16504,-75,298,181
2252,1596,16172,-98,341,22
2412,1792,16120,272,374,-158
2472,2244,16112,335,309,-48
2380,2152,16104,131,250,100
2276,1888,16084,-198,611,-31
2360,1680,16016,-450,1051,-223
2600,1804,16116,-461,1084,-302
2604,1784,16396,-644,869,-70
2276,1536,16724,-849,549,96
2228,1140,16592,-1175,203,-252
2456,1164,16524,-945,-574,-889
2772,1136,16176,-788,-659,-1051
2904,1584,16096,-906,-466,-1174
2948,1568,16000,-901,-106,-1136
2752,1280,16392,-858,-144,-1264
2348,928,16612,-755,-484,-1723
2244,908,16488,-574,-653,-2343
2464,1204,16332,-700,-490,-2816
2444,1380,16024,-825,-158,-2741
2372,1460,15852,-1105,352,-2616
2272,1420,16284,-1344,854,-2570
2216,1272,16560,-1449,516,-2460
1980,1004,16580,-1119,-166,-2343
1844,808,16652,-736,-781,-2469
2140,928,16372,-492,-632,-2591
2360,1080,16280,-325,-272,-2679
2356,1264,16284,-265,-336,-2683
2476,1340,16280,-236,-682,-2536
2572,1372,16332,-417,-531,-2063
2524,1464,16448,-674,62,-1687
2376,1132,16368,-775,143,-1613
2052,1076,16632,-243,-264,-1849
2172,1316,16552,-32,-444,-2147
2584,1664,16252,105,-136,-2115
2684,1736,16240,279,228,-1609
2460,1256,16420,328,255,-1125
2312,1084,16468,370,-287,-1085
2404,1368,16084,-110,-569,-1170
3064,1728,15988,-957,-217,-1003
3144,1084,15804,-646,-30,-676
2412,900,16164,901,-831,-1328
2928,1312,16776,1169,-757,-1878
3360,1560,16696,746,-252,-1896
3576,1644,16328,136,-252,-1450
3376,1284,15796,-404,-120,-862
3268,956,15380,-824,711,-554
2824,772,15596,-926,1223,-572
2568,980,16176,-494,1261,-1079
2736,1492,16628,-243,960,-1267
2984,1900,16592,-312,668,-924
3032,1640,16432,-452,695,-340
2800,1264,16228,-492,844,-36
2804,1132,15976,-393,1368,-204
2788,1152,16084,-365,1881,-296
2812,1480,16296,-506,1934,-145
2808,1612,16504,-737,1461,226
2744,1128,16604,-341,322,441
2488,812,16460,435,-439,600
2592,888,16316,303,-333,463
2708,1208,16216,-25,561,345
3056,1456,16092,-295,1267,439
2968,1276,16148,-172,1504,731
2400,876,16528,13,1250,769
2428,1192,16380,-249,1075,645
2792,1264,16128,-637,1145,600
2768,960,16040,-491,763,802
2692,880,16008,-299,1253,706
2568,876,16308,-4,1684,459
2704,904,16912,181,1362,306
2480,968,16780,121,437,456
2408,1008,16616,94,-166,537
2448,1164,16144,25,140,514
2640,1284,16056,48,674,474
2756,1104,16120,266,890,473
2788,952,16356,265,798,609
2776,812,16400,-265,934,703
2564,656,16360,-355,858,618
2584,796,16556,-90,571,267
2620,1220,16236,147,406,178
2852,1200,16148,115,557,360
2792,976,16144,74,699,498
2712,752,16376,178,725,332
2616,692,16376,251,604,23
2596,940,16380,220,315,-35
2732,924,16100,42,320,58
2744,944,16268,134,430,145
2664,920,16380,65,231,207
2648,1076,16268,31,343,217
2508,1048,16436,276,570,155
2452,1016,16336,179,793,3
2568,940,16312,69,707,-47
2540,964,16124,-121,376,73
2536,1108,16204,-354,510,160
2796,1160,16152,-614,1031,370
2596,916,16280,-516,1198,393
2392,732,16624,14,965,260
2388,624,16512,325,739,92
2548,808,16516,204,587,42
2648,848,16356,-245,795,267
2540,692,16216,-504,1045,351
2296,528,16256,-177,1062,150
2244,644,16336,292,608,-128
2328,856,16608,436,194,-195
2492,1056,16492,183,215,-49
2640,1096,16200,26,683,55
2576,948,16316,171,848,16
2536,744,16280,239,635,108
2416,872,16408,105,422,112
2512,1024,16400,-178,150,76
2676,880,16408,-595,364,207
2536,628,16304,-401,445,228
2340,568,16288,181,538,-85
2396,764,16524,457,616,-268
2512,956,16396,245,482,-357
2744,1156,16468,185,236,-205
2576,1168,16328,89,218,132
2272,852,16292,178,432,66
2464,784,16328,406,505,-122
2540,884,16316,493,366,-172
2728,1168,16432,154,455,-58
2832,1232,16284,-214,638,169
2712,1052,16156,-279,830,483
2532,868,16268,-104,1039,368
2540,780,16496,-57,812,229
2576,816,16576,186,278,159
2516,932,16600,294,92,185
2468,1072,16448,-17,431,111
2472,1160,16184,-52,593,140
2412,920,16208,139,619,313
2368,808,16288,418,317,329
2472,912,16532,331,18,290
2492,908,16316,96,-101,320
2664,824,16300,103,327,399
2684,792,16348,220,760,391
2596,920,16512,201,867,240
2656,1064,16540,-16,650,172
2736,832,16264,-171,523,292
2608,768,16256,32,561,386
2568,920,16392,290,640,289
2380,932,16376,227,587,0
2716,1180,16396,91,653,-51
2680,1144,16392,-298,778,286
2596,1100,16436,-259,582,506
2432,1012,16320,-323,758,615
2340,780,16500,-188,906,422
2380,720,16412,260,633,167
2576,864,16640,575,116,190
2640,1016,16564,333,-223,349
2732,1156,16108,-200,32,496
2748,992,15936,-360,778,483
2604,968,16128,34,1117,346
2540,692,16632,398,952,130
2612,648,16568,422,506,14
2624,796,16540,298,104,54
2632,1052,16516,164,125,54
2644,1120,16140,214,464,4
2616,1116,16204,329,813,24
2492,1076,16320,402,866,-11
2468,944,16420,255,652,15
2576,888,16284,155,339,12
2552,832,16164,199,370,21
2452,880,16192,164,631,-66
2564,1044,16140,-101,940,-245
2656,972,16180,-426,1299,-153
2608,872,16408,-359,1381,-115
2520,772,16504,-127,1103,-157
2444,744,16428,10,882,-156
2456,912,16428,17,824,-201
2468,952,16508,-84,857,-154
2256,764,16224,15,568,-171
2260,840,16360,-135,627,-280
2460,1040,16200,-414,1040,-219
2460,1132,16200,-455,1283,-64
2176,928,16480,-95,1217,24
2176,852,16772,-79,980,-86
2156,944,16444,-160,1242,-134
2336,956,16256,-94,770,29
2268,848,16216,-114,901,34
2436,936,16224,-76,1090,66
2248,676,16492,127,700,175
2100,680,16592,210,32,83
2372,932,16476,-44,148,128
2460,892,16344,285,425,245
2360,1056,16460,713,248,216
2336,1064,16348,521,181,322
2256,1056,16324,248,-48,480
2336,932,16288,-88,8,484
2188,820,16240,-69,589,437
2340,944,16408,50,846,299
2384,876,16404,114,743,345
2448,976,16388,-35,770,519
2328,776,16432,-119,712,494
2260,736,16448,123,451,329
2324,672,16316,228,456,172
2552,812,16276,224,643,109
2580,1004,16376,368,625,112
2436,1048,16496,330,491,129
2392,1112,16424,182,320,259
2332,1008,16324,125,72,314
2236,828,16328,167,31,365
2324,792,16304,-112,344,226
2488,912,16352,-330,642,192
2580,964,16564,-315,669,259
2128,780,16408,-95,537,268
2196,760,16348,39,382,40
2272,876,16260,27,495,-92
2504,944,16140,176,554,-53
2660,936,16596,45,789,160
2504,972,16552,-22,735,260
2304,824,16416,-87,561,316
2268,692,16416,-89,595,61
2448,888,16436,4,482,12
2524,1044,16476,66,679,145
2384,988,16384,129,708,307
2412,1016,16232,-140,900,284
2308,912,16360,-249,1039,280
2236,784,16312,-98,818,207
2216,812,16396,-18,528,130
2328,816,16356,86,499,169
2372,928,16360,149,635,161
2384,888,16384,231,594,88
2444,912,16652,265,223,123
2424,860,16400,104,-63,286
2336,768,16152,-25,187,301
2368,752,16280,252,591,98
2332,748,16424,290,862,-101
2268,860,16716,-88,546,-21
2260,852,16452,-370,326,110
2216,744,16428,-271,363,176
2212,656,16164,125,407,43
2248,752,16304,297,702,-165
2392,848,16516,35,789,-124
2424,848,16632,-341,642,11
2292,912,16504,-273,479,21
2220,816,16560,-72,385,-65
2300,744,16128,-13,440,-298
2436,644,16136,246,334,-368
2556,608,16180,270,485,-356
2688,640,16300,127,679,-337
2436,804,16644,-55,471,-412
2200,880,16496,-412,444,-411
2008,928,16548,-454,720,-586
2084,1072,16520,-26,745,-740
2224,1108,16560,457,797,-422
2212,1000,16432,560,795,-10
2156,904,16360,357,503,237
2056,912,16344,53,309,372
2080,864,16176,-49,343,431
2380,944,16200,47,603,400
2696,844,16296,66,916,486
2608,576,16380,122,1035,583
2308,524,16584,211,931,475
2284,556,16664,-249,644,208
2372,568,16524,-482,603,156
2300,716,16100,-466,695,-177
2408,756,16128,37,1053,-384
2184,888,16524,764,1140,-331
1824,1120,16832,992,526,-127
1828,1272,16784,653,195,116
1840,1036,16640,90,238,359
1852,524,16436,-508,451,478
1952,316,16284,-650,511,383
2052,404,16212,-363,252,223
2416,832,15944,143,-1,64
2556,1216,16184,366,354,10
2816,1164,16300,182,1045,54
2720,1148,16420,-189,1421,257
2500,1048,16616,-330,1489,707
2168,792,16560,202,1195,1092
2148,548,16612,618,753,1154
2284,572,16664,849,-129,1024
2572,788,16288,675,-439,872
2940,1076,15888,62,168,761
2944,1176,16044,-46,783,905
2576,940,16420,1,633,809
2372,664,16628,-47,103,424
2308,372,16808,179,-536,226
2252,276,16676,441,-855,-105
2100,280,16716,680,-924,-504
2164,692,16448,398,-817,-883
2360,1208,15984,-87,-463,-758
2576,1328,15844,-156,-130,-245
2436,1224,16168,206,77,78
2336,1116,16456,515,7,-33
2460,1172,16500,536,71,-288
2780,1264,16300,343,172,-172
2696,1040,16292,191,246,189
2500,912,16180,7,553,163
2644,1088,16012,-194,791,27
2820,1148,16268,-216,680,85
2860,964,16308,-153,444,416
2820,848,16104,-431,379,538
2692,668,15912,-739,745,488
2812,768,16308,-811,1447,232
2924,624,16656,-486,1618,147
2604,468,17112,85,970,-70
2232,756,17060,383,39,-455
2376,964,16468,201,-345,-697
2500,1064,16116,-50,-130,-531
2576,1012,15820,-119,397,-235
2516,988,16136,-15,885,131
2172,860,16424,110,841,209
2156,732,16664,-34,416,-151
2496,820,16408,-352,223,-276
2732,1032,16400,-647,422,-147
2912,1204,16392,-661,768,159
2872,1352,16128,-170,696,404
2888,1476,16304,162,519,715
2828,1264,16484,142,293,906
2848,920,16244,-130,290,894
2800,488,16000,-149,406,614
2872,404,15932,257,900,253
2668,636,16228,495,1002,-72
2568,720,16420,513,678,-281
2500,892,16456,212,434,-350
2576,920,16308,-84,642,-216
2356,1100,16408,-307,905,-74
2352,1132,16292,-300,915,106
2432,844,15800,-221,646,436
2420,608,15824,-160,706,647
2592,736,15860,-821,745,638
3100,1116,16000,-2440,1220,520
3216,744,16064,-3168,2326,1113
2880,24,16472,-2800,2690,1627
2456,-472,16912,-1585,2154,1510
2020,-200,17124,-500,883,565
2268,352,16768,-394,215,-380
2932,668,16320,-331,291,-370
2968,528,16140,-182,719,201
2640,244,16252,3,1190,498
2480,68,16504,596,1251,366
2196,352,17028,1230,1084,97
1988,596,17300,1875,367,-36
2156,456,17104,2516,-253,-112
2296,356,16824,2718,-659,47
2316,192,16548,1957,-701,128
2336,316,16044,1061,-274,-86
2344,708,15776,1026,349,-343
2380,952,15912,1414,763,-280
1896,1192,16592,1439,886,-130
1956,1288,16804,994,518,108
2060,1408,16888,433,408,482
2112,1200,16384,218,266,951
2140,856,15976,378,196,1075
2540,620,16036,168,527,1011
2588,404,16032,14,732,1027
2652,228,16420,-40,1020,802
2704,604,16676,125,915,484
2536,992,16616,533,666,238
2352,1228,16380,673,436,64
2496,1396,16040,601,558,-103
2540,1376,15956,478,767,158
2416,964,16192,518,805,425
2360,840,16320,420,747,463
2424,872,16328,159,483,532
2500,832,16572,-115,478,884
2508,720,16304,-181,626,979
2304,588,16276,-139,821,663
2452,932,16432,-167,998,354
2704,1316,16640,-123,816,438
2480,1284,16604,-188,646,708
2228,1008,16508,-162,426,780
2444,872,16340,-160,378,516
2480,820,16112,-48,675,455
2368,600,16272,373,777,408
2164,592,16596,715,812,249
2320,896,16784,621,447,254
2360,968,16752,368,227,468
2276,884,16404,348,275,596
2236,912,16248,589,481,375
2372,1000,16220,753,554,232
2352,1164,16288,434,518,307
2484,976,16180,191,361,367
2348,1108,16312,161,300,480
2276,1128,16380,13,365,639
2116,924,16400,-48,595,619
2276,908,16220,-10,811,480
2424,792,16292,-55,739,560
2468,608,16256,-182,652,649
2436,660,16276,-178,637,551
2468,748,16308,-184,673,279
2648,936,16360,-123,836,220
2572,844,16480,-114,803,233
2480,788,16520,-190,697,29
2464,792,16376,-260,662,-197
2444,964,16228,-434,915,-303
2432,1024,16340,-386,1086,-104
2268,908,16620,-350,1170,81
1828,832,16628,-71,987,-93
1808,1004,16684,90,523,-368
2044,1132,16460,121,82,-382
2304,1252,16092,83,125,-118
2360,1268,16128,17,532,262
2460,1400,16296,-173,893,463
2404,1240,16592,-400,1146,573
2264,856,16652,-436,1057,618
2240,556,16756,-389,807,485
2388,588,16672,-220,487,433
2428,548,16392,-81,315,392
2220,816,16328,-78,409,274
2364,864,16432,-197,642,241
2336,824,16300,-204,598,210
2196,980,16232,-28,554,313
2048,908,16560,46,486,352
2104,716,16388,-66,489,395
2192,636,16244,-131,683,235
2368,684,16360,-315,993,161
2368,616,16488,-309,1050,192
2320,612,16496,-260,808,132
2276,740,16396,-109,564,-110
2292,608,16372,165,509,-183
2244,584,16632,-25,440,-223
2324,580,16412,-395,525,-344
2432,708,16300,-493,626,-156
2300,716,16276,-191,774,58
1900,616,16516,100,808,20
1828,536,16436,-45,613,-175
1968,612,16400,-281,598,-263
2228,720,16416,-511,809,-143
2296,680,16400,-505,783,21
2172,672,16328,-263,720,0
2152,540,16440,239,665,-261
2228,688,16636,383,641,-411
2328,696,16664,364,507,-405
2324,560,16688,444,273,-487
2156,688,16540,593,81,-649
2204,820,16424,645,-48,-492
2092,980,16332,457,158,-167
1988,748,16372,315,340,173
1904,456,16488,161,310,277
1808,424,16352,-88,409,190
2008,584,16292,-315,636,78
2240,768,16056,-806,930,130
2316,708,16264,-752,1111,247
2172,840,16224,-206,1195,232
1976,728,16780,242,1052,175
1792,752,17380,28,719,-6
2180,524,16948,-377,602,-199
2168,456,16728,-981,94,-368
2556,488,15928,-970,109,-395
2464,524,15972,-559,656,-392
2180,564,16088,65,1217,-638
2028,732,16280,446,1328,-790
1896,856,16728,549,1094,-602
1768,720,16704,209,515,-253
1932,412,16300,-331,331,-1
1780,-260,16032,-529,294,152
964,-212,15992,-538,1012,-1120
2260,604,16444,-769,2743,-2266
3416,1396,16888,-180,2783,-1478
3312,916,16784,432,996,147
2716,-68,16720,480,-458,1252
2120,-464,16500,317,-717,1072
2064,-364,16372,554,-399,332
1972,20,16200,733,-89,-493
2280,412,16528,204,443,-954
2356,604,16892,-194,701,-1051
2128,460,17120,-4,281,-1115
1792,528,17072,226,-159,-1327
1648,632,17112,594,-391,-1513
1552,716,16764,939,-896,-1569
1504,832,16344,968,-1153,-1592
1616,980,16044,864,-935,-1527
1800,1152,15812,679,-492,-1389
1696,1308,15852,329,-47,-1105
1732,1664,16080,-153,610,-663
1916,1572,16140,-318,992,-83
2164,1308,16252,-404,1510,521
2280,864,16420,-304,1540,848
2252,468,16396,-197,1489,1109
2292,348,16560,-195,1393,1008
2344,472,16804,-28,1110,1025
2192,552,16532,149,979,981
1900,428,16552,381,854,777
2052,456,16496,312,679,445
2328,592,16208,153,492,424
2380,556,16292,34,563,656
2092,716,16484,30,885,605
1936,856,16540,34,1172,495
1840,944,16672,240,966,453
1756,856,16584,434,681,480
1760,920,16480,368,714,575
1788,920,16320,315,786,541
2056,1000,16192,147,1029,619
2136,796,16204,149,1284,802
2060,504,16376,200,1209,988
1964,384,16536,109,956,914
1892,352,16688,26,762,633
1984,536,16452,31,688,265
2136,656,16304,321,499,116
2120,740,16108,371,646,334
1920,720,16272,304,826,397
1884,632,16420,89,884,364
1844,544,16488,-124,892,210
1912,716,16512,-279,803,242
1820,788,16584,-286,720,432
1604,708,16556,-233,554,360
1732,632,16448,5,522,241
1776,640,16416,102,618,295
1740,656,16456,59,601,320
2020,768,16556,-146,795,566
1624,620,16516,124,674,641
1304,524,16436,466,302,427
1476,820,16448,460,122,97
1844,1136,16176,489,148,208
2264,1124,16076,392,486,660
2392,992,16432,6,957,1198
1916,748,16680,-249,1191,1268
1556,672,16872,-22,949,945
1676,896,17084,312,381,771
2000,1088,16624,367,-135,1006
2304,1080,16476,86,105,1428
2048,572,16436,168,491,1608
1896,236,16648,190,449,1198
1788,-104,16736,223,38,799
1848,-140,16588,218,-375,496
1800,24,16480,224,-281,220
1796,276,16492,383,11,-116
1940,480,16372,374,213,-236
2004,764,16136,164,294,-262
2020,1068,15920,-75,360,-57
2012,1364,16052,-131,722,195
1864,1260,16460,-86,1125,281
1920,968,16516,-41,1021,305
2084,784,16644,-194,733,396
2080,680,16364,-547,580,503
1988,480,16336,-763,661,404
1980,396,16416,-728,1006,281
2056,264,16568,-672,1060,180
2260,332,16792,-785,668,145
2252,372,16892,-876,276,236
2008,92,16692,-725,136,-16
1804,20,16268,-391,243,-558
1736,284,16196,121,249,-969
2060,576,16224,335,202,-1009
2256,880,16448,107,262,-689
2204,1020,16416,-224,534,-256
2032,736,16436,-265,801,-157
1824,600,16508,-105,950,-123
1780,476,16596,128,858,-158
1780,332,16656,356,735,-190
1700,196,16828,457,653,-347
1744,336,16796,365,835,-630
1584,620,16640,526,866,-889
1500,820,16484,921,841,-1180
1548,996,16508,1321,667,-1313
1584,1260,16628,1231,347,-964
1608,1440,16636,846,141,-221
1696,1516,16196,172,276,584
1672,1060,15940,-221,610,1283
1744,824,15988,-401,1185,1429
1744,604,16492,-697,1453,1473
1936,496,16836,-991,1114,1313
1968,388,16768,-1055,814,1031
2148,252,16512,-769,660,879
2316,260,16548,-462,544,768
2232,296,16472,-327,426,709
2020,188,16276,-134,438,421
2040,360,16316,145,578,9
2160,640,16380,156,521,-130
2080,840,16556,121,434,77
1892,716,16792,63,604,278
1608,524,16720,-127,760,251
1496,276,16472,-74,454,41
1644,436,16356,72,247,-151
1888,476,16356,40,365,-20
1960,656,16328,-71,638,200
1972,708,16448,-226,840,398
1740,624,16512,-200,918,420
1676,504,16604,55,960,332
1680,528,16768,212,807,323
1824,480,16712,267,555,384
1756,464,16520,280,514,347
1728,492,16360,149,630,273
1768,356,16388,286,726,203
1708,348,16516,466,771,192
1672,360,16412,444,800,213
1584,416,16624,382,613,110
1760,584,16464,237,545,26
1720,712,16524,-9,841,63
1668,536,16668,-26,1091,96
1572,388,16764,239,967,118
1552,316,16848,267,597,96
1380,328,16636,234,217,-110
1516,616,16420,176,230,-158
1728,664,16184,-14,475,47
1648,644,16116,-114,732,301
1648,704,16380,-7,811,346
1728,864,16548,46,739,313
1856,736,16548,-171,376,367
1724,492,16504,-211,222,365
1948,168,16460,-360,175,331
2056,216,16368,-172,406,179
1992,336,16704,222,482,149
1652,436,16752,209,208,-40
1796,432,16600,14,54,-157
1808,444,16388,-92,70,-35
2044,572,16404,-168,213,81
2060,552,16484,-94,210,375
1856,564,16420,-24,209,475
1880,616,16380,-84,435,307
1780,640,16552,-3,671,236
1960,608,16688,-20,591,360
1920,392,16756,-82,178,487
1676,264,16552,60,-84,426
1608,168,16500,27,193,6
1748,252,16232,40,528,-244
1852,536,16320,36,573,-218
1824,500,16376,4,498,43
1796,456,16480,-8,386,55
1736,420,16428,123,470,27
1608,436,16508,117,615,-54
1716,380,16512,77,753,-173
1876,348,16548,135,512,-59
1912,328,16244,179,351,76
1852,440,16388,110,533,87
1916,548,16420,-108,846,189
2064,624,16580,-213,929,410
1868,468,16800,-111,821,507
1692,308,16596,-23,609,405
1784,352,16484,80,435,315
1704,376,16424,33,591,251
1736,552,16532,10,823,193
1744,656,16560,-122,1021,368
1816,492,16368,-129,692,631
1536,208,16448,9,609,577
1604,56,16404,32,600,257
1872,148,16300,38,587,57
2092,376,16308,-136,742,212
1956,336,16448,-274,865,359
1796,388,16452,-235,681,239
1696,404,16460,-22,487,113
1752,340,16584,265,209,1
1848,500,16740,327,164,131
1848,456,16576,149,308,200
1808,512,16476,111,416,182
1836,692,16404,152,385,77
1876,488,16264,228,329,252
1908,300,16440,246,474,383
1812,232,16536,320,418,288
1920,336,16612,223,416,141
1976,484,16436,10,401,208
1984,408,16416,-164,552,363
1900,284,16412,63,603,407
1760,144,16588,373,550,207
1840,232,16736,304,420,54
1852,388,16700,68,283,5
1936,552,16460,-84,310,132
1960,424,16304,29,410,279
1824,388,16360,360,551,228
1788,380,16520,358,538,126
1760,356,16524,143,563,21
1884,516,16608,-40,581,13
2020,588,16628,-187,678,209
1676,440,16516,107,561,263
1572,292,16600,296,336,106
1792,360,16520,167,323,-50
2056,356,16320,-44,462,48
2008,364,16288,-144,704,203
1988,340,16508,-81,791,254
1688,396,16632,-49,683,202
1804,532,16668,-123,508,65
1992,452,16572,-203,469,147
2032,352,16324,-20,550,273
1856,396,16412,133,533,231
1796,344,16452,39,546,214
1784,288,16372,-77,604,138
1724,260,16412,-59,683,90
1776,388,16516,-68,740,77
1828,460,16516,-83,609,208
1832,368,16548,-16,488,195
1740,344,16420,23,492,148
1816,328,16396,-84,657,84
1920,380,16500,62,671,141
1868,364,16572,78,540,199
1868,324,16612,-98,412,253
1820,228,16512,-233,400,230
1880,208,16376,-187,438,158
2028,168,16264,-5,475,140
1852,188,16464,-18,589,163
1820,272,16516,-148,523,74
2048,480,16612,-295,514,163
1872,668,16540,-387,509,282
1708,452,16496,-115,472,331
1772,300,16412,52,459,208
1916,260,16300,125,266,148
2140,256,16252,-3,401,140
2188,368,16408,14,645,232
2296,556,16444,240,713,387
1956,456,16652,702,790,429
1912,340,16872,1118,656,114
1848,208,16804,1102,121,-50
1964,168,16492,793,-26,-128
1936,228,16224,550,261,-302
1868,352,16180,630,449,-378
1792,504,16224,700,527,-327
1856,572,16376,511,507,-76
1716,760,16492,150,602,34
1732,672,16624,-135,386,65
1896,704,16468,-375,519,69
2008,612,16320,-453,820,147
2092,500,16340,-157,828,293
1964,360,16608,-20,663,249
2076,404,16588,27,368,132
2100,436,16612,128,86,33
2168,420,16644,259,-401,92
2072,344,16304,321,-395,64
2092,296,16224,292,116,-104
2084,372,16452,-14,435,-174
2108,448,16436,-364,381,-66
2104,560,16588,-661,450,180
1812,400,16432,-488,387,101
1776,272,16416,-220,345,-126
1804,380,16320,-188,411,-294
2088,500,16472,-355,505,-236
2140,480,16384,-488,398,0
2248,356,16356,-461,527,124
2084,284,16412,-184,590,124
2020,356,16640,55,622,-157
2216,420,16704,95,315,-137
2208,400,16724,6,204,96
2100,464,16424,205,131,195
1980,456,16324,203,261,206
1988,428,16368,-82,415,269
2036,356,16236,-282,468,325
2224,336,16284,-496,433,513
2148,276,16200,-465,660,700
2132,300,16348,-291,818,593
2060,316,16604,-188,820,413
2116,280,16548,-179,659,291
2300,312,16556,-192,568,295
2324,136,16492,-170,530,381
2220,60,16412,-82,671,318
2120,96,16552,57,580,100
2276,400,16520,52,627,61
2324,392,16432,40,467,223
2196,240,16352,135,438,314
2096,148,16392,151,550,334
2168,260,16520,35,700,284
2144,376,16544,-80,758,408
2024,128,16556,-87,632,387
2080,112,16392,-12,475,358
2084,124,16336,-3,403,315
2284,300,16296,-73,568,244
2408,332,16276,-116,844,269
2396,232,16608,-11,982,308
2092,68,16684,113,976,258
1856,-48,16776,426,582,-9
2032,8,16672,698,170,-183
2180,188,16416,724,25,-169
2160,300,16292,467,301,-54
2124,348,16264,229,641,1
1988,488,16320,260,754,87
2008,436,16352,198,664,292
1996,416,16448,239,713,381
2076,288,16556,287,712,353
2028,192,16700,298,694,321
2048,152,16612,139,687,216
2168,308,16508,58,597,254
2092,292,16484,74,439,370
2116,408,16432,199,477,379
2028,420,16388,198,550,383
2176,396,16332,12,660,353
2200,312,16480,13,796,440
1976,200,16608,11,744,482
2112,52,16524,-119,498,513
1912,196,16432,-41,456,421
2064,284,16204,-166,447,391
2076,300,16208,-354,721,542
2008,152,16476,-290,987,536
2032,268,16712,-281,869,495
2024,148,16684,-333,651,494
1860,92,16352,-251,381,451
1880,148,16276,-216,388,162
2244,308,16256,-390,589,93
2284,176,16176,-380,968,150
2180,-28,16464,-159,1176,184
2096,-44,16752,59,1000,-21
1932,-8,16756,132,705,-161
1912,96,16672,168,613,-398
2000,112,16556,223,674,-436
2032,188,16436,335,688,-385
1872,48,16552,467,595,-300
1760,32,16396,314,630,-309
1804,36,16352,327,599,-444
1836,164,16280,411,645,-431
1972,328,16472,300,654,-293
1908,236,16344,140,691,-75
1984,224,16424,-33,714,28
1800,136,16516,-126,771,51
1828,116,16472,-219,853,-33
1900,136,16376,-201,762,-61
1936,228,16496,-74,613,-11
1960,240,16440,-84,580,-10
1876,344,16552,-97,601,-14
1864,372,16656,92,611,-10
1988,396,16584,197,493,-41
1912,304,16560,233,371,69
1812,176,16292,255,324,79
1760,20,16392,263,500,5
1828,108,16420,173,585,-89
1952,256,16656,-59,646,90
1848,484,16440,-111,705,283
1600,328,16512,106,495,356
1708,400,16456,72,426,231
1848,116,16468,57,472,200
2052,116,16372,101,586,265
2040,144,16332,36,772,382
1980,172,16716,59,721,414
1808,132,16680,193,567,367
1740,84,16608,235,325,261
1812,116,16472,294,202,222
1960,272,16368,239,323,229
1952,376,16332,270,547,262
1804,252,16408,223,599,308
1676,132,16488,182,555,270
1732,68,16480,130,557,190
1808,180,16456,60,639,119
1872,264,16504,55,582,71
1908,292,16492,88,577,186
1840,268,16404,104,603,193
1816,108,16416,149,579,186
1816,176,16444,81,596,120
1920,200,16444,-64,598,55
2044,188,16392,-31,618,161
1928,176,16464,-2,711,174
1916,236,16588,92,620,108
1920,260,16420,83,557,90
1872,328,16644,12,439,188
1852,208,16360,-91,397,244
1740,104,16316,-95,519,176
1784,204,16488,-192,582,15
2032,260,16440,-273,653,192
1828,340,16568,-353,735,440
1628,244,16688,-158,607,350
1632,148,16608,-43,358,123
1792,132,16276,-101,361,58
2132,192,16184,-246,786,135
2188,76,16464,-385,1072,373
1912,-48,16560,-231,964,304
1724,-16,16752,111,639,30
1840,44,16724,222,485,-137
1936,84,16580,88,477,-122
1888,216,16480,137,640,-25
1860,168,16480,158,731,81
1676,136,16464,93,710,24
1628,108,16344,132,630,24
1672,72,16340,382,639,2
1708,140,16524,419,716,28
1756,220,16796,168,715,188
1624,172,16664,-155,646,225
1744,148,16396,-70,602,202
1728,176,16476,135,607,219
1756,220,16492,139,573,176
1812,104,16656,170,584,181
1812,80,16576,-2,555,208
1660,-20,16492,-48,532,175
1736,-16,16292,77,619,89
1692,56,16460,248,638,54
1760,204,16772,164,536,73
1892,316,16540,-19,443,224
1740,232,16468,-93,519,284
1756,124,16428,-48,524,256
1716,-12,16412,79,483,158
1680,84,16584,62,502,24
1816,204,16544,57,456,186
1732,312,16592,-45,451,348
1544,120,16540,27,347,385
1660,88,16396,-72,369,192
1824,100,16168,-64,462,193
1972,120,16240,-119,679,280
1848,172,16600,-158,808,370
1840,132,16668,-199,809,287
1744,132,16688,-12,706,209
1680,0,16676,268,492,93
1784,80,16636,340,295,44
1932,232,16576,182,341,139
1756,248,16404,46,437,300
1616,184,16268,113,563,245
1748,240,16356,144,641,230
1712,216,16432,114,596,248
1808,120,16596,-100,618,405
1896,280,16616,-241,601,298
1868,188,16492,-202,722,363
1780,40,16556,44,717,363
1752,-68,16612,301,492,198
1784,8,16712,364,284,127
1908,96,16596,222,228,132
1820,104,16304,123,387,119
1836,220,16232,123,526,131
1856,212,16280,157,594,170
1816,264,16576,321,574,237
1832,164,16660,288,519,204
1808,188,16700,244,525,118
1880,208,16776,169,649,116
1796,320,16728,66,603,280
1716,192,16624,46,327,276
1656,80,16348,329,210,83
1772,88,16512,495,395,-60
1868,252,16464,483,496,-95
1916,484,16536,210,585,105
1792,368,16508,-74,692,344
1568,144,16436,-48,703,205
1760,100,16424,53,662,-21
2004,140,16376,168,728,14
2068,280,16524,2,729,219
1868,292,16668,-25,801,340
1728,316,16640,88,694,216
1744,300,16620,342,608,78
1716,320,16804,464,538,134
1728,276,16680,358,342,277
1620,168,16456,348,318,282
1596,88,16440,278,400,165
1676,256,16388,218,561,153
1696,208,16392,91,605,239
1708,368,16456,11,617,308
1744,408,16452,27,588,340
1696,432,16432,90,712,317
1764,388,16548,174,865,264
1716,208,16604,182,822,236
1668,144,16700,213,669,227
1688,104,16676,199,474,126
1728,156,16464,176,319,108
1752,340,16400,231,299,136
1612,372,16476,217,373,161
1788,268,16324,171,731,176
1720,212,16556,167,802,233
1672,272,16796,-88,637,203
1696,264,16552,-125,526,246
1672,288,16516,45,455,292
1576,252,16508,207,425,202
1600,260,16476,326,368,57
1664,284,16476,107,530,39
1744,232,16308,-46,587,70
1704,268,16400,-94,615,140
1676,204,16616,-33,619,126
1440,12,16540,184,567,-7
1468,212,16620,187,352,-244
1764,520,16504,-18,338,-272
1972,500,16236,-223,480,5
1864,316,16288,-256,736,192
1696,152,16424,-102,883,79
1660,380,16636,98,712,-70
1736,356,16812,82,441,-79
1788,348,16688,13,224,75
1764,392,16476,-7,191,163
1668,332,16388,103,326,108
1700,380,16256,211,555,88
1648,384,16520,165,472,123
1740,212,16456,30,276,218
1736,172,16384,-185,548,260
1792,232,16460,-115,819,232
1852,308,16576,-57,927,181
1760,128,16640,-19,844,199
1660,168,16644,150,631,152
1764,328,16724,173,536,77
1736,292,16640,110,625,18
1732,280,16260,184,682,-37
1820,400,16352,178,710,-9
1772,276,16348,193,701,76
1680,372,16680,128,814,136
1720,276,16536,147,771,121
1648,336,16604,154,681,111
1680,328,16436,139,643,97
1748,252,16420,159,726,101
1716,228,16516,83,777,101
1664,252,16520,28,856,83
1744,392,16596,-79,871,119
1596,384,16632,52,707,192
1500,292,16472,309,378,163
1628,324,16484,190,389,93
1768,280,16204,77,524,131
1864,292,16212,-13,781,185
1836,264,16376,-40,994,240
1712,268,16620,28,931,162
1568,272,16792,73,662,119
1560,388,16720,125,437,41
1672,392,16568,215,337,17
1744,260,16440,338,398,44
1536,256,16404,351,525,-31
1564,376,16440,217,607,-147
1628,488,16420,138,623,-60
1652,268,16444,167,585,84
1544,348,16580,238,587,60
1564,324,16624,134,704,55
1540,436,16596,-22,756,-1
1672,396,16532,-11,797,27
1636,456,16516,-133,1100,110
1624,520,16268,-151,1203,308
1512,208,16496,-118,1070,275
1480,256,16560,-113,849,252
1504,204,16508,-93,836,126
1548,236,16500,80,544,31
1552,432,16644,116,465,25
1476,556,16548,52,427,100
1476,392,16348,174,389,153
1436,320,16344,273,536,130
1380,156,16516,126,665,75
1472,304,16648,39,596,18
1696,472,16552,-75,447,142
1300,520,16596,-50,523,294
1368,552,16472,90,625,230
1336,396,16428,43,569,216
1412,304,16320,75,331,233
1596,340,16264,58,445,301
1628,392,16452,-31,576,427
1480,328,16720,67,577,513
1480,276,16560,102,560,378
1384,268,16764,-41,612,267
1444,336,16548,-26,501,190
1412,404,16512,87,334,196
1408,368,16440,196,207,156
1380,448,16416,183,352,175
1520,336,16360,191,527,253
1496,340,16420,117,570,377
1448,188,16496,-53,589,394
1532,248,16592,-158,630,370
1488,296,16524,-152,635,359
1460,272,16496,-38,614,426
1472,280,16588,13,441,331
1468,332,16552,47,385,245
1548,308,16512,51,323,300
1508,140,16432,50,290,217
1572,184,16440,-32,385,212
1612,220,16356,-145,588,204
1636,256,16612,-178,606,200
1564,356,16516,-98,594,205
1596,296,16612,-81,447,156
1604,236,16480,-86,296,94
1524,144,16388,-165,496,72
1536,136,16568,-102,756,-48
1608,168,16652,33,724,13
1456,400,16752,0,453,78
1280,232,16636,161,171,48
1468,312,16464,266,111,-5
1688,200,16240,179,248,48
1692,228,16204,-74,575,148
1668,176,16496,-198,822,161
1664,352,16752,-139,777,234
1604,308,16696,84,475,209
1508,224,16612,317,239,177
1512,216,16544,359,255,149
1720,296,16540,263,381,176
1600,272,16508,52,463,200
1448,116,16452,2,457,222
1552,232,16344,-17,447,238
1556,240,16312,58,470,331
1544,248,16448,169,520,289
1760,384,16636,3,640,240
1732,384,16704,-156,632,352
1624,128,16532,-91,581,352
1516,64,16476,179,595,218
1648,40,16520,201,600,-30
1668,88,16572,73,456,39
1620,120,16480,4,386,79
1644,152,16416,-14,437,51
1600,240,16432,-16,676,52
1636,260,16536,-24,732,29
1656,324,16668,-41,606,97
1644,352,16672,36,421,171
1664,248,16512,36,418,218
1616,136,16412,53,528,176
1660,108,16504,91,709,61
1564,180,16652,-43,842,55
1568,184,16700,-226,814,152
1404,196,16708,-37,852,54
1164,8,16740,153,694,-22
1288,-128,16568,-174,597,-140
1644,-124,16336,-571,651,-43
1544,-156,16036,-552,609,50
1672,-4,15900,-340,849,28
1664,344,16012,-177,1360,39
1632,544,16232,-6,1668,-2
1596,496,16684,-153,1673,45
1712,164,16880,-294,1427,141
1436,-84,16784,-208,1235,173
1248,-216,16820,-236,1093,20
1248,-204,16432,-261,1054,-125
1220,-52,16288,-4,1162,-37
1180,80,16456,110,1046,167
1172,104,16476,-282,1037,516
1048,140,16380,-489,1297,792
1044,212,16644,-299,1638,884
1000,224,16768,-53,1460,982
1168,236,16800,-89,1084,1189
1336,180,16660,-199,924,1468
1332,168,16488,-129,691,1611
1464,92,16464,-157,728,1567
1576,92,16368,-395,996,1636
1516,-216,16392,-341,1123,1744
1336,-412,16564,-156,827,1563
1248,-404,16816,-68,390,1305
1408,-212,16676,-179,263,1156
1252,-176,16712,-145,288,1111
1148,8,16608,2,166,887
1204,176,16520,3,137,795
1160,200,16484,16,126,886
1148,208,16556,80,269,972
1144,184,16756,36,529,1075
848,116,16636,35,429,1215
760,-8,16600,145,170,1244
996,-12,16548,61,113,1071
1172,104,16280,-6,212,1050
1364,8,16288,60,364,1236
1336,-124,16456,34,522,1380
1196,-296,16640,0,636,1289
1064,-384,16744,127,416,1119
1196,-408,16716,219,189,945
1148,-400,16608,283,44,846
1040,-228,16420,378,70,710
1064,-252,16596,336,86,647
976,-160,16456,254,68,632
972,-168,16532,425,-56,534
984,-76,16420,424,-129,642
1084,-108,16456,335,-5,749
1080,-152,16416,229,54,693
1208,-200,16708,47,78,725
1284,-288,16532,-178,45,724
1324,-440,16500,-149,58,676
1272,-452,16588,44,2,421
1332,-512,16488,193,96,144
1440,-476,16584,425,205,-88
1420,-372,16636,461,211,-142
1332,-388,16632,263,291,-158
1204,-112,16512,168,432,-306
1260,0,16376,74,610,-323
1364,24,16284,143,486,-245
1384,-128,16236,137,621,-207
1344,-264,16304,65,848,-198
1440,-336,16540,-79,913,-221
1484,-324,16792,-250,927,-134
1288,-404,16792,-275,647,-187
1148,-404,16812,-124,338,-420
1300,-252,16532,-146,290,-588
1480,-96,16248,-111,379,-579
1544,-44,16208,-80,565,-398
1584,-64,16452,-239,854,-116
1484,-32,16424,-313,900,-19
1316,-108,16580,-189,800,8
1328,-148,16732,-100,606,-8
1448,-108,16656,-216,514,98
1396,-124,16512,-225,520,216
1408,-120,16652,-157,573,256
1360,-208,16608,-83,567,302
1348,-168,16596,-80,495,295
1452,-220,16464,-203,550,351
1480,-344,16488,-218,676,355
1440,-356,16512,-61,697,305
1428,-280,16640,109,589,287
1396,-232,16700,156,468,215
1452,-188,16620,87,469,322
1516,-140,16568,-53,504,399
1476,-308,16404,-116,487,520
1440,-240,16352,23,470,460
1456,-308,16324,113,546,492
1564,-352,16492,109,606,589
1424,-236,16748,106,634,577
1396,-200,16672,34,603,650
1336,-292,16572,-106,457,621
1328,-376,16456,-11,473,508
1408,-480,16360,131,559,431
1400,-360,16492,141,720,468
1404,-328,16548,-28,742,543
1388,-272,16600,-61,756,466
1340,-136,16552,250,765,400
1348,-192,16648,327,606,390
1268,-356,16428,185,469,364
1472,-492,16232,-30,512,365
1460,-556,16236,-94,835,448
1496,-444,16536,343,689,456
1580,-196,16804,213,595,410
1416,-300,16560,46,555,363
1400,-268,16588,260,523,269
1492,-112,16560,286,489,267
1460,-76,16424,248,398,336
1448,-132,16324,149,500,415
1272,-304,16360,342,514,393
1432,-260,16608,588,361,283
1412,-180,16616,351,526,288
1492,-312,16660,157,450,298
1496,-324,16508,-10,506,263
1428,-364,16428,11,420,204
1500,-308,16440,140,383,69
1508,-288,16620,186,343,15
1536,-220,16580,72,427,-12
1488,-228,16600,47,431,-66
1496,-152,16544,125,243,-129
1532,-156,16508,156,256,-171
1416,-172,16444,188,327,-168
1476,-148,16404,179,412,-222
1456,-148,16488,192,408,-233
1504,-96,16484,176,431,-137
1420,-76,16496,72,482,-117
1472,-200,16348,42,456,-183
1492,-172,16468,81,611,-126
1400,-208,16612,133,642,-169
1508,-84,16632,146,552,-86
1400,-36,16672,-14,531,-25
1240,-140,16556,144,511,-22
1244,-248,16448,114,546,-156
1404,-248,16332,-1,425,-137
1520,-236,16340,-276,622,44
1484,-284,16408,-374,800,194
1480,-196,16612,-309,758,244
1436,-112,16668,-128,545,221
1484,-16,16652,-90,474,201
1460,16,16708,38,541,305
1468,-68,16640,207,419,285
1472,-40,16600,373,357,290
1400,-96,16396,277,400,355
1272,-280,16404,371,325,295
1444,-220,16480,446,390,279
1540,-284,16456,185,692,319
1320,-336,16400,176,771,233
1468,-236,16580,362,690,143
1480,-56,16536,191,778,154
1400,-108,16584,19,962,213
1392,-88,16588,132,889,195
1380,-236,16612,315,743,151
1288,-140,16616,426,724,135
1300,-124,16612,531,516,164
1384,40,16524,433,413,186
1472,-44,16352,309,473,387
1456,36,16244,144,632,487
1412,20,16252,7,814,536
1452,0,16576,-31,993,593
1336,-56,16532,65,961,653
1332,-100,16692,203,845,581
1324,-40,16732,93,665,440
1372,-48,16480,118,603,386
1440,-24,16480,121,733,393
1380,12,16512,276,789,486
1380,84,16656,121,918,514
1160,20,16580,100,781,532
1248,28,16568,88,656,385
1348,24,16424,-3,621,436
1412,-60,16228,35,615,553
1412,-168,16500,83,836,579
1344,-128,16576,169,875,464
1308,-156,16692,177,689,397
1288,-112,16744,215,473,314
1288,-60,16772,247,509,297
1352,0,16672,245,433,247
1312,60,16388,227,470,295
1224,-32,16408,311,599,327
1276,-92,16476,239,688,296
1132,-124,16456,289,619,226
1156,-188,16632,53,595,71
1132,-20,16568,25,512,78
1268,72,16408,-2,592,121
1252,-16,16460,169,562,241
1180,-20,16500,193,715,292
1096,4,16684,33,645,200
1236,68,16628,-193,552,138
1268,64,16376,-88,512,202
1212,28,16468,-6,584,207
1204,-12,16496,187,701,240
1176,8,16640,252,594,233
1060,-48,16752,130,489,278
1140,-68,16712,-19,481,283
1096,-16,16420,42,563,303
1124,-8,16500,120,575,223
1192,32,16368,81,579,256
1152,-32,16652,-102,684,346
1148,-64,16676,-355,924,327
1180,-28,16608,-216,823,259
1156,-76,16760,54,782,224
1020,-8,16812,238,665,270
1056,-48,16796,81,529,152
1092,-84,16548,-127,443,243
1260,-96,16360,-164,413,316
1320,-144,16352,-129,542,463
1240,-132,16452,-109,745,374
1096,-176,16764,89,657,326
1120,-216,16928,198,359,139
1248,-116,16852,36,270,110
1180,-112,16500,-95,380,145
1100,-144,16392,133,408,97
1160,20,16444,339,359,52
1216,-4,16508,324,363,170
1168,-76,16468,305,325,77
1132,-196,16556,139,448,102
1140,-176,16620,-78,633,131
1092,-196,16544,88,520,52
1160,-32,16600,167,359,2
1192,-36,16580,284,212,72
1232,68,16468,294,300,44
1300,112,16676,159,419,132
1268,-64,16540,77,478,178
1268,-132,16464,120,478,122
1304,-128,16472,142,457,70
1224,-140,16536,246,363,102
1184,-104,16508,261,320,71
1164,92,16592,177,387,70
1232,60,16536,76,440,39
1192,156,16472,118,443,153
1264,52,16396,107,458,215
1260,-76,16548,56,632,222
1160,-136,16600,13,543,160
1276,44,16816,-10,487,103
1364,168,16728,-35,483,130
1136,80,16700,206,318,162
1216,28,16564,211,125,32
1372,128,16244,81,149,76
1516,32,16244,-77,406,272
1404,-80,16360,-148,664,319
1332,-32,16644,-87,691,252
1352,92,16692,75,533,218
1348,48,16892,182,364,187
1276,80,16828,178,249,235
1312,48,16508,222,159,180
1380,136,16388,171,306,131
1360,40,16268,134,406,227
1340,-8,16420,128,440,245
1320,-84,16512,119,571,226
1340,-72,16600,55,624,137
1332,-4,16712,-25,550,68
1332,-24,16520,120,438,39
1428,132,16628,206,449,66
1476,144,16564,102,484,114
1396,24,16396,184,406,117
1388,-64,16540,144,481,147
1372,-112,16492,53,492,167
1364,-88,16428,55,532,136
1440,40,16488,68,568,68
1420,12,16608,116,449,124
1416,136,16628,-9,491,151
1360,56,16688,32,528,228
1372,60,16600,78,410,273
1236,-16,16488,57,441,267
1392,-64,16488,-42,477,145
1460,-132,16332,32,559,137
1392,-60,16448,-56,630,92
1464,100,16464,24,649,56
1500,92,16620,29,587,193
1404,124,16660,76,474,188
1312,4,16776,34,455,81
1396,-216,16524,-25,461,-25
1444,-176,16388,41,370,-28
1520,-108,16368,36,477,-7
1528,16,16396,22,538,-35
1540,48,16556,64,550,46
1396,120,16628,173,505,113
1392,172,16816,221,521,45
1372,152,16836,28,425,102
1460,40,16392,-45,379,90
1484,48,16484,185,455,190
1412,12,16460,162,517,272
1300,4,16400,137,473,260
1468,68,16436,-46,559,184
1592,100,16500,5,733,231
1496,-72,16636,161,662,324
1440,-144,16764,105,441,249
1428,-36,16520,63,358,46
1580,76,16500,100,354,-32
1500,-12,16324,214,352,12
1412,32,16476,279,384,8
1444,60,16440,85,567,65
1468,52,16544,-118,667,108
1440,-20,16524,-69,596,74
1472,16,16664,17,471,87
1480,28,16596,94,344,97
1564,-104,16592,48,380,-1
1540,-4,16556,-75,430,-34
1596,-20,16452,-56,474,-53
1576,28,16460,53,505,-101
1524,-28,16400,3,574,-147
1544,-124,16448,-7,608,-192
1440,-176,16620,63,620,-198
1488,-72,16588,-50,630,-241
1500,72,16700,-131,470,-140
1420,116,16616,-154,411,-91
1280,140,16560,178,416,-163
1476,192,16428,69,481,-146
1560,60,16288,-129,525,9
1596,-68,16344,-262,748,142
1532,-232,16512,-248,1052,153